Symbol,Type,Price,Return
A,Stock,63.645,-0.009878655880522724
AA,Stock,48.05,0.009453781512605008
AABA,Stock,67.53,-0.006619593998234863
AAL,Stock,50.28,-0.001588562351072298
AAOI,Stock,24.1,-0.001243265644425895
AAON,Stock,34.25,-0.001457725947521804
AAP,Stock,111.915,0.006520370536918785
AAPL,Stock,168.35,-0.007018992568125548
AAWW,Stock,60.7,-0.01461038961038963
AAXJ,Stock,75.435,-0.0031055900621117516
AAXN,Stock,41.885,-0.003449916726148028
ABAX,Stock,68.99,-0.003178731397196932
ABBV,Stock,89.8,0.0012264466495708337
ABC,Stock,85.49,0.003050569048457019
ABCB,Stock,52.05,0.0009615384615384581
ABCD,Stock,11.05,0.0
ABDC,Stock,7.17,0.0
ABEO,Stock,14.025,-0.001779359430605032
ABIL,Stock,2.87,0.0
ABIO,Stock,0.498,0.0
ABMD,Stock,286.38,-0.001847269178488098
ABT,Stock,57.565,-0.005442294402211556
ABTX,Stock,40.3,0.008130081300812941
ABUS,Stock,5.075,0.025252525252525304
ACAD,Stock,21.53,-0.014645308924485123
ACBI,Stock,18.775,0.0013333333333331865
ACER,Stock,19.025,-0.003926701570680757
ACET,Stock,7.36,-0.0027100271002709064
ACFC,Stock,10.18,-0.008763388510223957
ACGL,Stock,85.42,-0.003964552238805985
ACGLO,Stock,24.35,0.0
ACHC,Stock,39.46,0.0003802763341360649
ACHN,Stock,3.495,0.0028694404591105283
ACIA,Stock,35.895,0.012267343485617754
ACIU,Stock,9.005,-0.062467464862051014
ACIW,Stock,23.89,-0.0025052192066805645
ACLS,Stock,23.125,-0.005376344086021501
ACMR,Stock,11.97,0.0
ACN,Stock,147.405,-0.0008472852979055645
ACOR,Stock,22.65,-0.01414581066376508
ACRS,Stock,16.335,-0.0003059975520195435
ACRX,Stock,2.175,-0.011363636363636576
ACST,Stock,1.1,0.00917431192660545
ACT,Stock,25.08,0.0
ACTG,Stock,3.525,-0.02758620689655178
ACWI,Stock,70.86,-0.0012684989429175841
ACWX,Stock,49.36,0.0004053506282934993
ACXM,Stock,22.87,-0.0013100436681221517
ADAP,Stock,10.41,0.0038572806171650598
ADBE,Stock,218.46,-0.0025113008538422132
ADES,Stock,11.09,-0.015097690941385467
ADI,Stock,88.3,-0.00786516853932584
ADM,Stock,44.34,0.0011289230074509327
ADMA,Stock,5.15,-0.013409961685823646
ADMP,Stock,3.4,0.007407407407407307
ADMS,Stock,22.96,-0.0026064291920069316
ADP,Stock,113.73,-0.007505017889868237
ADRE,Stock,42.88,0.0
ADRO,Stock,8.075,-0.012232415902140858
ADS,Stock,205.81,0.0
ADSK,Stock,125.77,0.0005568814638026165
ADT,Stock,8.755,0.02337814143775585
ADTN,Stock,14.925,0.0
ADUS,Stock,52.325,0.005283381364073136
ADVM,Stock,5.475,-0.026666666666666727
ADXS,Stock,1.695,-0.023054755043227737
AEE,Stock,57.145,0.0025438596491229593
AEGN,Stock,22.715,-0.0015384615384615996
AEHR,Stock,2.27,0.017937219730941756
AEIS,Stock,61.525,-0.0010553661308654316
AEP,Stock,68.53,-0.004792332268370614
AERI,Stock,50.35,-0.026112185686653744
AES,Stock,11.425,-0.003923278116826467
AET,Stock,170.42,0.002588539828215053
AFH,Stock,10.5,0.0023866348448686736
AFHBL,Stock,24.85,0.0
AFL,Stock,43.38,-0.0019555964569193396
AFMD,Stock,2.125,0.0
AFSI,Stock,12.355,0.001215559157212276
AGEN,Stock,4.46,-0.008888888888888946
AGFS,Stock,7.25,0.0013812154696133394
AGII,Stock,57.2,0.004389815627743543
AGIO,Stock,73.19,0.00597897051749019
AGLE,Stock,8.98,-0.09017223910840921
AGN,Stock,161.52,-0.000742390497401435
AGNC,Stock,18.945,0.0018508725542041304
AGND,Stock,43.85,0.0
AGRX,Stock,2.675,0.0
AGTC,Stock,3.75,0.0
AGYS,Stock,12.4,0.0
AHGP,Stock,24.29,-0.004304160688665681
AIA,Stock,66.05,-0.010041966426858506
AIEQ,ETF,25.71,0.0
AIG,Stock,53.635,-0.002232350479025258
AIMC,Stock,44.875,-0.004988913525498906
AIMT,Stock,29.47,-0.00841184387617766
AINV,Stock,5.35,-0.0009337068160598649
AIRR,Stock,25.8,0.0
AIV,Stock,41.06,-0.004364694471386987
AIZ,Stock,89.72,-0.0033325927571650205
AKAM,Stock,69.37,-0.008645944980349984
AKAO,Stock,12.21,-0.0016353229762877675
AKBA,Stock,9.54,-0.016494845360824795
AKCA,Stock,21.67,0.0037054191755443444
AKER,Stock,0.5945,0.007627118644067954
AKRX,Stock,18.385,-0.0008152173913041905
AKTS,Stock,5.31,0.0
ALBO,Stock,31.11,-0.04541270328321578
ALCO,Stock,28.2,0.0
ALDR,Stock,12.65,0.001980198019801982
ALDX,Stock,6.9,0.0
ALGN,Stock,245.38,-0.004139610389610415
ALGT,Stock,172.375,-0.006770383174877659
ALIM,Stock,1.045,0.0
ALKS,Stock,42.21,0.0030893536121674448
ALL,Stock,95.945,0.0016181229773462036
ALLE,Stock,84.81,-0.0010600706713781438
ALNA,Stock,12.685,-0.01970633693972168
ALNY,Stock,95.17,-0.01765070189925677
ALOG,Stock,95.3,-0.0010482180293501786
ALOT,Stock,15.85,0.0
ALPN,Stock,8.07,0.0
ALQA,Stock,1.99,0.0
ALRM,Stock,38.51,-0.00038935756002600463
ALRN,Stock,6.4,-0.041916167664670545
ALSK,Stock,1.73,0.014662756598240456
ALT,Stock,0.8999,0.0
ALTR,Stock,30.13,-0.01018396846254932
ALXN,Stock,109.02,-0.003291278113000562
AMAG,Stock,20.55,-0.0012150668286755595
AMAT,Stock,52.35,-0.006641366223908984
AMBA,Stock,44.43,-0.015946843853820614
AMBC,Stock,16.2,-0.010082493125572856
AMBCW,Stock,7.27,0.0
AMCN,Stock,0.7529,0.0
AMCX,Stock,51.705,-0.0010625965996908793
AMD,Stock,9.605,0.0015641293013557434
AMDA,Stock,1.44,-0.006896551724137945
AME,Stock,73.545,-6.798096532967257e-05
AMED,Stock,64.39,-0.006020376659462756
AMEH,Stock,15.155,0.0
AMG,Stock,176.59,0.0021565177912716837
AMGN,Stock,168.12,0.0008930166101088766
AMKR,Stock,9.53,0.0010504201680672232
AMNB,Stock,37.55,0.0
AMOT,Stock,37.28,-0.007190412782955957
AMP,Stock,141.35,-0.00422684043677346
AMPH,Stock,19.01,-0.0114404576183047
AMR,Stock,7.025,0.009339080459770166
AMRB,Stock,15.5,0.0
AMRK,Stock,12.0,0.0
AMRN,Stock,3.025,0.0
AMRS,Stock,6.78,0.018018018018018056
AMRWW,Stock,1.4,-0.034482758620689724
AMSC,Stock,5.865,-0.022499999999999964
AMSF,Stock,52.8,-0.013084112149532756
AMSWA,Stock,13.355,0.0
AMT,Stock,142.17,-0.0036442637886328066
AMTD,Stock,57.57,-0.0008677542519958115
AMTX,Stock,1.57,0.0
AMWD,Stock,98.85,0.007131940906775158
AMZN,Stock,1405.62,-0.010663231909457616
AN,Stock,46.54,-0.002785515320334331
ANAB,Stock,85.505,-0.005408863557054833
ANAT,Stock,116.56,-0.003845825143150128
ANCB,Stock,24.7,0.0
ANCX,Stock,28.48,-0.0028011204481792618
ANDE,Stock,32.5,0.0
ANGI,Stock,13.325,-0.0044826298094883255
ANGO,Stock,18.89,0.000264760391845309
ANIK,Stock,45.64,-0.014786832164058294
ANIP,Stock,56.82,-0.021188630490955984
ANSS,Stock,153.68,-0.005049851094134361
ANTM,Stock,224.89,0.0006674379282725074
AOBC,Stock,10.735,0.006091846298031722
AON,Stock,138.19,-0.002094165222414679
AOSL,Stock,15.315,-0.0009784735812133905
APA,Stock,38.33,0.007094062007356738
APC,Stock,58.84,0.0052964291816162135
APD,Stock,160.0,0.00043769149002681473
APDN,Stock,1.56,0.0
APEI,Stock,42.4,-0.0046948356807512415
APH,Stock,82.615,-0.0028364514182257494
APLP,Stock,12.64,0.012820512820512775
APLS,Stock,23.77,-0.00042052144659388
APOG,Stock,42.13,0.0009503444998812949
APPF,Stock,40.8,-0.0024449877750611915
APPN,Stock,26.93,0.020075757575757525
APPS,Stock,2.075,-0.014251781472684022
APRI,Stock,0.38,-0.050000000000000044
APTI,Stock,28.06,0.001070281840884757
APTO,Stock,3.05,0.0
APVO,Stock,3.16,-0.015576323987538832
AQMS,Stock,2.54,0.028340080971659853
AQXP,Stock,13.28,0.0
ARAY,Stock,4.725,0.010695187165775444
ARCB,Stock,31.95,0.007886435331230235
ARCC,Stock,15.99,0.002193669696020084
ARCW,Stock,2.05,0.0
ARDM,Stock,1.22,0.0
ARDX,Stock,4.9,-0.0050761421319796
AREX,Stock,2.495,0.020449897750511425
ARGS,Stock,0.796,0.0
ARGX,Stock,74.985,-0.00019999999999997797
ARII,Stock,36.18,0.0017998061747195315
ARKK,ETF,38.27,-0.015436068947774495
ARLP,Stock,16.825,-0.005908419497784423
ARLZ,Stock,1.38,-0.014285714285714346
ARMO,Stock,35.86,-0.01645639056500281
ARNA,Stock,33.94,0.012227855651655073
AROW,Stock,33.5,-0.020467836257309968
ARQL,Stock,2.86,0.0035087719298245723
ARRS,Stock,26.56,0.0011307953260459858
ARRY,Stock,14.95,0.002010723860589758
ARTNA,Stock,36.59,0.0
ARTW,Stock,2.5,0.0
ARTX,Stock,3.175,0.0
ARWR,Stock,6.385,0.007097791798107211
ASCMA,Stock,3.77,0.013440860215053752
ASMB,Stock,44.75,-0.008420119654331981
ASML,Stock,194.77,-0.006503608865311428
ASNA,Stock,2.2,-0.006772009029345272
ASND,Stock,58.41,-0.018649193548387233
ASNS,Stock,22.65,0.0
ASPS,Stock,25.82,0.00623538581449723
ASPU,Stock,7.17,0.0
ASTC,Stock,2.5,0.008064516129032251
ASTE,Stock,54.01,-0.005706921944035437
ASUR,Stock,14.26,-0.006617903169627404
ASV,Stock,6.99,0.0
ASYS,Stock,7.33,0.008947006194081286
ATEC,Stock,3.34,0.015197568389057725
ATHN,Stock,138.635,-0.007765531062124298
ATHX,Stock,1.815,-0.02680965147453085
ATLO,Stock,27.6,-0.00540540540540535
ATNI,Stock,60.78,-0.0014785608674222628
ATNX,Stock,17.31,-0.005172413793103403
ATOM,Stock,6.54,-0.019490254872563728
ATRA,Stock,35.2,0.0
ATRC,Stock,19.94,-0.008946322067594381
ATRI,Stock,595.775,0.0
ATRO,Stock,35.4,-0.005897219882055604
ATRS,Stock,2.115,-0.027586206896551557
ATSG,Stock,23.12,-0.0008643042350907626
ATVI,Stock,64.56,-0.004164738546968971
AUBN,Stock,38.9,0.0
AUDC,Stock,6.84,0.0
AUPH,Stock,5.145,0.0039024390243902474
AUTO,Stock,3.0,-0.009900990099009799
AVAV,Stock,44.975,-0.012406675450153615
AVB,Stock,165.985,-0.004766758604149102
AVDL,Stock,7.37,-0.018641810918774926
AVEO,Stock,2.295,0.029147982062780242
AVGO,Stock,229.06,-0.0069366166652214956
AVGR,Stock,1.17,0.0
AVHI,Stock,19.0,-0.01808785529715773
AVID,Stock,4.44,-0.0022471910112359383
AVNW,Stock,16.625,0.0
AVXL,Stock,2.365,0.006382978723404209
AVXS,Stock,116.09,-0.0011185682326620983
AVY,Stock,103.225,-0.003042302491790716
AXAS,Stock,2.285,0.008830022075055233
AXDX,Stock,23.275,0.013057671381936808
AXGN,Stock,37.0,0.005434782608695787
AXON,Stock,1.18,-0.012552301255230214
AXP,Stock,91.92,0.003657804225582817
AXSM,Stock,2.45,0.03157894736842115
AXTI,Stock,7.0,0.0
AY,Stock,19.87,-0.0030105368790767084
AYTU,Stock,0.5612,-0.03241379310344816
AZO,Stock,620.38,0.006440518486072522
AZPN,Stock,79.2,-0.0035855821853179037
BA,Stock,326.19,0.004217720583707951
BABY,Stock,32.85,-0.001519756838905706
BAC,Stock,29.625,0.0005065856129686797
BAND,Stock,30.07,-0.030000000000000027
BANF,Stock,53.15,0.0
BANR,Stock,54.88,0.0010944910616563774
BANX,Stock,21.61,0.0
BATRA,Stock,22.57,-0.003971756398940873
BATRK,Stock,22.95,0.0
BAX,Stock,63.92,-0.00023461327911156182
BBBY,Stock,21.0,-0.0009514747859181716
BBGI,Stock,10.425,-0.03472222222222221
BBH,Stock,113.39,0.0
BBOX,Stock,1.925,0.0
BBRG,Stock,4.025,0.018987341772152
BBSI,Stock,81.8,-0.010583610523132725
BBT,Stock,51.145,0.0030398117277898873
BBY,Stock,70.59,-0.0019793581224374357
BCBP,Stock,15.85,0.0
BCLI,Stock,3.32,-0.040462427745664775
BCOR,Stock,24.275,-0.0010288065843622185
BCOV,Stock,7.1,0.010676156583629748
BCPC,Stock,84.0,0.00190839694656475
BCR,Stock,331.77,0.0
BCRX,Stock,4.6,-0.01393354769560562
BDGE,Stock,32.9,-0.004538577912254094
BDSI,Stock,2.05,0.012345679012345734
BDX,Stock,215.5,0.005458871833154522
BEAT,Stock,30.65,-0.0207667731629394
BECN,Stock,53.45,0.0073501696192990185
BELFB,Stock,19.5,0.01298701298701288
BEN,Stock,33.235,-0.002850285028502819
BFIN,Stock,16.85,0.0
BGCP,Stock,13.17,-0.005287009063444148
BGFV,Stock,7.325,0.0068728522336769515
BGNE,Stock,164.7,0.007216242661447936
BHBK,Stock,20.575,-0.006038647342995196
BHF,Stock,50.27,-0.0007950705625123788
BIB,Stock,49.1,-0.007880379874722232
BIDU,Stock,219.82,-0.001136002181124196
BIIB,Stock,257.6,-0.008410801239486454
BIOC,Stock,0.254,0.0
BIOS,Stock,2.645,0.033203125
BIS,Stock,23.58,0.0
BJRI,Stock,45.025,-0.009350935093509483
BK,Stock,50.395,0.0036845249950210324
BKCC,Stock,6.085,-0.0008210180623973162
BKEP,Stock,4.5,0.0
BKNG,Stock,2034.53,-0.0038581871416610847
BL,Stock,38.32,0.0
BLBD,Stock,23.4,-0.008474576271186529
BLCM,Stock,6.4,-0.010054137664346374
BLCN,Stock,22.18,0.0
BLDP,Stock,3.415,0.02398800599700146
BLDR,Stock,19.71,0.006125574272588086
BLFS,Stock,7.31,0.0
BLKB,Stock,103.81,0.0039651837524177225
BLL,Stock,39.26,-0.0008906985621581764
BLMN,Stock,24.685,0.0
BLNK,Stock,2.17,-0.04405286343612336
BLPH,Stock,1.925,-0.03749999999999998
BLRX,Stock,0.8602,-0.022500000000000075
BLUE,Stock,163.0,0.02322661644695545
BLX,Stock,28.55,-0.006438141639116046
BMCH,Stock,19.875,0.0037878787878786735
BMRC,Stock,69.1,0.0
BMRN,Stock,76.01,-0.005885430290347715
BMTC,Stock,43.7,-0.0011428571428571122
BMY,Stock,60.9,0.004784688995215225
BNCL,Stock,15.475,0.0
BNDX,Stock,54.675,0.00018293240647571096
BNFT,Stock,24.8,0.008130081300812941
BOCH,Stock,11.55,0.0
BOFI,Stock,40.24,-0.0027261462205699916
BOJA,Stock,14.0,-0.0017825311942959443
BOKF,Stock,98.72,-0.0026267932915741143
BOLD,Stock,28.12,-0.004601769911504405
BOMN,Stock,22.515,-0.023633998265394585
BOOM,Stock,26.4,0.0
BOTZ,ETF,22.945,-0.0028248587570621764
BOTZ,Stock,22.945,-0.0028248587570621764
BPFH,Stock,14.975,0.003350083752093669
BPMC,Stock,89.545,-0.01615118387079051
BPOP,Stock,42.36,-0.00200259158911531
BPOPN,Stock,24.54,0.0
BPRN,Stock,34.3,0.007342143906020615
BPTH,Stock,1.96,0.053763440860215006
BPY,Stock,18.94,-0.0031578947368420263
BREW,Stock,19.625,0.00512163892445594
BRKL,Stock,16.125,0.0015527950310558758
BRKR,Stock,29.125,0.0005152868430093882
BRKS,Stock,25.7,-0.005417956656346812
BRPA,Stock,9.88,0.0
BSET,Stock,29.575,-0.007550335570469802
BSF,Stock,10.26,0.0
BSQR,Stock,4.15,0.0
BSRR,Stock,26.64,0.0
BSTC,Stock,43.825,-0.004655916420622241
BTAI,Stock,11.07,0.005449591280654031
BTC,Crypto,6627.16,0.00047705314009660604
BUFF,Stock,39.93,-0.00012520345561539692
BUR,Stock,0.399,2.220446049250313e-16
BUSE,Stock,29.63,-0.0033636057854019574
BVXV,Stock,5.86,0.0
BWA,Stock,51.26,-0.004080046629104328
BWB,Stock,12.95,-0.003079291762894565
BWEN,Stock,3.16,0.09722222222222232
BWFG,Stock,31.71,0.0
BWINB,Stock,23.65,-0.00630252100840345
BXP,Stock,120.99,-8.264462809925988e-05
BZUN,Stock,46.31,0.012683140170566487
C,Stock,68.62,0.0020443925233644133
CA,Stock,33.18,-0.0047990401919617565
CAC,Stock,43.88,-0.016143497757847514
CACC,Stock,317.34,-0.004236091499576489
CACG,Stock,28.18,0.0
CAFD,Stock,11.985,0.0
CAG,Stock,36.745,-0.0006799020940986278
CAH,Stock,62.42,0.0006412311638346324
CAKE,Stock,52.02,-0.011402508551881296
CALA,Stock,5.425,0.004629629629629539
CALI,Stock,2.89,0.0
CALL,Stock,8.425,0.0
CALM,Stock,46.675,-0.012169312169312274
CAMP,Stock,22.28,0.005415162454873723
CAMT,Stock,6.695,0.004501125281320295
CAPR,Stock,1.29,0.0
CAR,Stock,48.25,-0.007201646090534974
CARA,Stock,11.89,-0.003352891869237151
CARB,Stock,28.775,-0.004325259515570945
CARG,Stock,38.01,-0.006144594064583564
CARO,Stock,39.23,0.0
CASA,Stock,27.61,-0.0018076644974692746
CASH,Stock,113.65,0.014505690694041506
CASI,Stock,7.02,-0.014044943820224809
CASM,Stock,1.24,0.0
CASS,Stock,60.25,0.0
CASY,Stock,107.205,0.0005132991133922626
CAT,Stock,143.03,0.0052006465668705815
CATB,Stock,1.82,0.0
CATC,Stock,83.73,-0.020816278797801457
CATH,Stock,32.43,0.0
CATM,Stock,21.315,-0.009065550906555142
CATY,Stock,38.97,-0.0053598774885145195
CAVM,Stock,77.61,-0.007925348331842108
CB,Stock,134.21,-0.0012650692067270874
CBAY,Stock,11.11,0.010000000000000009
CBG,Stock,47.325,0.0
CBIO,Stock,23.47,-0.0029736618521665203
CBLI,Stock,3.02,0.0
CBMG,Stock,19.7,0.0
CBOE,Stock,109.4,-0.0009132420091323423
CBPO,Stock,84.81,0.0028378857750976927
CBRL,Stock,163.19,-0.004088856340778824
CBS,Stock,52.86,0.007816968541467961
CBSH,Stock,58.94,0.0002545608824777723
CBTX,Stock,28.815,-0.010643776824034279
CCBG,Stock,25.07,0.0
CCD,Stock,19.75,0.0
CCE,Stock,41.77,0.0046903187011424485
CCI,Stock,107.99,-0.006074551311550991
CCL,Stock,64.52,-0.0030902348578492056
CCLP,Stock,7.05,0.0
CCMP,Stock,104.04,-0.004497177303607325
CCNE,Stock,28.805,0.004008365284071003
CCOI,Stock,44.3,-0.0022522522522522292
CCRC,Stock,15.11,0.011040481766477095
CCRN,Stock,11.15,0.004052228725799134
CCUR,Stock,4.86,0.0
CCXI,Stock,12.34,0.005704971475142706
CDEV,Stock,16.75,0.008428657435280096
CDK,Stock,63.5,-0.002670017276582448
CDLX,Stock,14.59,0.004129387474191448
CDMO,Stock,3.36,0.02127659574468077
CDNA,Stock,8.51,-0.004678362573099504
CDNS,Stock,35.905,-0.005677097756853988
CDTI,Stock,0.845,0.0
CDTX,Stock,3.825,-0.012903225806451535
CDW,Stock,67.97,-0.004102564102564155
CDXC,Stock,4.015,-0.003722084367245748
CDXS,Stock,10.375,0.034912718204488824
CDZI,Stock,13.675,0.003669724770642313
CECE,Stock,4.61,-0.0021645021645021467
CECO,Stock,13.02,-0.0022988505747126853
CELC,Stock,16.47,0.0
CELG,Stock,86.93,-0.003439183767052545
CELH,Stock,4.64,-0.05112474437627812
CENT,Stock,42.23,-0.011817011817011891
CENTA,Stock,39.04,-0.00963977676306449
CENX,Stock,16.795,-0.012058823529411677
CERN,Stock,56.43,-0.008608573436401978
CERS,Stock,5.2,0.012658227848101333
CETV,Stock,3.975,0.0
CETX,Stock,2.79,0.0
CEVA,Stock,35.2,-0.022900763358778553
CF,Stock,36.835,-0.0063393579714053905
CFFI,Stock,52.55,0.01057692307692304
CFFN,Stock,12.365,-0.006827309236947743
CFMS,Stock,1.38,0.01098901098901095
CFO,Stock,48.12,-0.0026943005181347957
CFRX,Stock,1.53,0.0
CG,Stock,20.325,0.016249999999999876
CGBD,Stock,17.78,0.0005627462014632378
CGEN,Stock,4.35,-0.03333333333333344
CGIX,Stock,1.075,0.0
CGNT,Stock,3.84,0.0
CGNX,Stock,49.29,-0.0030339805825242427
CGO,Stock,14.215,0.0
CHCI,Stock,1.8,0.0
CHCO,Stock,68.925,-0.017462580185317322
CHDN,Stock,239.1,0.004199916001679904
CHEF,Stock,23.55,-0.010504201680672232
CHFC,Stock,54.2,-0.0009216589861750224
CHFN,Stock,21.64,-0.01814882032667875
CHFS,Stock,2.94,0.024390243902439046
CHI,Stock,11.26,0.008960573476702427
CHK,Stock,2.985,0.0
CHKE,Stock,1.35,0.0
CHKP,Stock,98.51,-0.005501993841805053
CHMG,Stock,46.86,0.004501607717041889
CHRS,Stock,11.425,0.0
CHRW,Stock,90.51,0.0004974299452826791
CHSCL,Stock,27.88,0.0
CHSCM,Stock,26.815,0.0
CHSCN,Stock,28.27,0.0005308794903557956
CHSCO,Stock,28.72,0.0
CHTR,Stock,310.77,0.0018375241779495788
CHUBA,Stock,22.51,-0.00044404973357003996
CHUBK,Stock,22.535,0.0013330371028661414
CHUY,Stock,26.55,0.0
CHW,Stock,9.25,0.006528835690968515
CHY,Stock,11.83,0.004244482173174857
CI,Stock,167.82,-0.00035739814152968563
CIBR,Stock,24.955,-0.010115033716779132
CIFS,Stock,27.615,0.0
CIGI,Stock,69.375,0.0
CINF,Stock,73.06,-0.004632152588555871
CIU,Stock,106.985,-0.0006071929005138088
CIVB,Stock,22.97,-0.007775377969762354
CKPT,Stock,4.24,0.0
CL,Stock,71.67,0.0018171652222531698
CLAR,Stock,6.675,-0.0074349442379182396
CLBS,Stock,5.08,0.005940594059405946
CLCT,Stock,16.54,0.006082725060827077
CLDX,Stock,1.995,-0.012376237623762387
CLFD,Stock,13.7,0.0
CLIR,Stock,2.05,-0.012048192771084487
CLLS,Stock,28.81,-0.013018156903049083
CLMT,Stock,7.0,-0.024390243902439046
CLNE,Stock,1.585,-0.006269592476489061
CLRBZ,Stock,0.52,0.0
CLRG,Stock,24.64,0.0
CLSD,Stock,10.5,0.016949152542373058
CLSN,Stock,2.21,0.0
CLUB,Stock,8.425,0.0029761904761904656
CLVS,Stock,55.59,0.0007200720072009226
CLX,Stock,128.54,0.0005059350068106205
CLXT,Stock,14.76,-0.04280155642023342
CMA,Stock,94.945,0.003010775406718791
CMCO,Stock,34.58,-0.011717633609602873
CMCSA,Stock,34.11,-0.0013175230566535578
CME,Stock,158.32,-0.0052777079668258065
CMG,Stock,318.25,-0.0019443660425878528
CMI,Stock,157.995,0.0023155490706083803
CMPR,Stock,150.89,0.004727660141163881
CMRX,Stock,4.84,0.012552301255229992
CMS,Stock,45.33,-0.0008816398501212408
CMSSU,Stock,10.32,0.0
CMTA,Stock,17.95,0.0
CMTL,Stock,29.72,-0.008341675008341709
CNAC,Stock,9.89,0.0
CNACU,Stock,10.41,0.0
CNAT,Stock,4.04,0.007481296758104827
CNCE,Stock,19.035,-0.007042253521126862
CNCR,Stock,27.21,0.0
CNIT,Stock,1.61,0.02547770700636942
CNMD,Stock,61.605,-0.0023481781376518684
CNOB,Stock,28.575,-0.0034873583260680574
CNP,Stock,26.885,-0.0005576208178437181
CNSL,Stock,11.38,0.011555555555555541
CNTY,Stock,7.52,-0.011176857330703616
CNX,Stock,14.955,0.0023458445040214215
CNXN,Stock,26.13,-0.019144144144144226
COBZ,Stock,19.28,-0.010774756285274356
CODX,Stock,2.05,0.0
COF,Stock,94.76,-0.0031559015358720854
COG,Stock,23.165,0.0017297297297296232
COGT,Stock,2.35,0.010752688172043001
COH,Stock,39.9,0.0
COHR,Stock,175.23,-0.002163885883491923
COHU,Stock,22.45,0.0017849174475679241
COKE,Stock,175.67,0.0
COL,Stock,133.88,-0.001789442290486165
COLB,Stock,41.91,-0.002142857142857224
COLL,Stock,21.875,-0.011075949367088667
COLM,Stock,78.87,0.001778229391591557
COMM,Stock,38.915,0.0009002057613167747
COMT,Stock,36.435,0.0
CONE,Stock,49.97,-0.0017978425888933725
CONN,Stock,27.875,-0.0062388591800356386
COOL,Stock,18.26,0.021252796420581754
COP,Stock,59.27,0.0025372124492557546
CORE,Stock,21.53,-0.01238532110091739
CORI,Stock,10.49,-0.0019029495718363432
CORT,Stock,16.15,0.0018610421836227076
COST,Stock,183.9,-0.0045469308216953275
COUP,Stock,45.42,-0.01002615518744554
COWN,Stock,14.0,0.0017889087656530744
CPB,Stock,43.75,0.0029802842732691293
CPLP,Stock,3.085,-0.0016181229773462036
CPRT,Stock,49.66,-0.001608363490148923
CPRX,Stock,2.37,-0.012499999999999956
CPSI,Stock,29.5,-0.019118869492934287
CPSS,Stock,3.72,-0.005347593582887722
CPST,Stock,1.465,0.0068728522336769515
CPTA,Stock,7.77,-0.01270648030495558
CPTAG,Stock,24.54,0.0
CRAI,Stock,53.94,-0.00608070757324497
CRAY,Stock,19.925,-0.0025031289111389077
CRBP,Stock,5.625,-0.008810572687224627
CRED,Stock,108.74,0.0
CREE,Stock,40.42,-0.0006181233774260608
CRESY,Stock,21.4,0.0023419203747070405
CRIS,Stock,0.5367,-0.011420151040707482
CRM,Stock,116.13,-0.003860010293360805
CRME,Stock,2.32,0.0
CRMT,Stock,50.35,-0.007881773399014746
CRNT,Stock,2.63,0.00766283524904221
CRON,Stock,5.64,-0.023376623376623495
CROX,Stock,16.58,0.003024803387779551
CRSP,Stock,43.26,-0.009502003434459061
CRTO,Stock,26.72,-0.007797994801336805
CRUS,Stock,38.54,0.0005192107995846129
CRVL,Stock,48.875,-0.008620689655172376
CRVS,Stock,10.135,0.01604010025062652
CRZO,Stock,16.505,0.025155279503105366
CSBR,Stock,3.66,0.0
CSCO,Stock,40.71,-0.0034271725826193755
CSF,Stock,44.56,0.0
CSFL,Stock,26.36,0.0013295346628678928
CSGP,Stock,351.65,0.0017376937101183376
CSGS,Stock,44.79,-0.011367398741860768
CSII,Stock,22.905,-0.009941646855413877
CSIQ,Stock,16.12,-0.0024752475247524774
CSJ,Stock,103.81,-0.00014447387430771563
CSOD,Stock,39.925,-0.0016254063515880324
CSQ,Stock,11.72,0.005145797598627766
CSSE,Stock,6.67,-0.03193033381712629
CSTE,Stock,20.275,-0.0012315270935961964
CSWCL,Stock,25.48,0.0
CSWI,Stock,45.1,0.0
CSX,Stock,54.34,0.005365402405180575
CTAS,Stock,166.835,-0.0033453806864004454
CTBI,Stock,45.3,0.0027670171555063128
CTG,Stock,8.31,-0.004790419161676551
CTHR,Stock,1.34,0.0
CTIC,Stock,3.82,0.0
CTL,Stock,17.215,0.0017457084666860911
CTMX,Stock,27.75,-0.003948312993539149
CTRE,Stock,13.63,-0.00146520146520146
CTRL,Stock,20.78,-0.0019212295869356355
CTRN,Stock,32.115,0.009905660377358627
CTRP,Stock,44.8,0.002461400760796595
CTRV,Stock,0.2501,0.0
CTSH,Stock,79.05,-0.0012634238787113672
CTSO,Stock,7.325,0.0
CTWS,Stock,62.59,-0.0028676119165206293
CTXS,Stock,91.79,-0.0034741070459233248
CUE,Stock,12.6,-0.03076923076923077
CUR,Stock,1.65,-0.023668639053254448
CUTR,Stock,51.05,-0.03222748815165877
CVBF,Stock,22.23,0.0027063599458727605
CVCO,Stock,177.5,-0.00518425108589049
CVGI,Stock,7.51,-0.0026560424966800555
CVGW,Stock,91.0,-0.012479652740097769
CVLT,Stock,66.4,-0.004497751124437732
CVON,Stock,9.125,0.0
CVS,Stock,63.395,-0.0024390243902437936
CVTI,Stock,29.18,0.013194444444444509
CVV,Stock,9.03,0.0
CVX,Stock,114.79,0.002532751091703034
CWAY,Stock,27.3,0.0
CWBR,Stock,5.02,0.0040000000000000036
CWCO,Stock,13.6,0.0
CWST,Stock,24.46,-0.007103714227724822
CXRX,Stock,0.5001,0.0
CXSE,Stock,84.96,-0.002582765907490181
CY,Stock,16.285,-0.0018387986515476795
CYAD,Stock,30.8,0.0
CYBE,Stock,16.85,0.0
CYBR,Stock,50.85,-0.003136639874534386
CYOU,Stock,29.31,-0.0020429009193054792
CYRX,Stock,8.37,0.0
CYTK,Stock,7.15,0.010600706713780994
CYTR,Stock,1.54,0.0
CZNC,Stock,23.32,-0.0008568980291344674
CZR,Stock,10.975,0.004576659038901587
D,Stock,66.19,-0.005110476476777426
DAIO,Stock,7.415,-0.02305665349143604
DAKT,Stock,9.0,0.00222717149220486
DAL,Stock,53.045,-0.006089563425145106
DAVE,Stock,7.4,0.010238907849829282
DAX,Stock,30.38,0.0
DBVT,Stock,23.89,0.005048380311316825
DCAR,Stock,2.06,0.0
DCIX,Stock,1.41,0.010752688172043001
DCOM,Stock,18.35,0.0
DCPH,Stock,24.04,0.08975521305530365
DD,Stock,84.75,0.0
DE,Stock,145.39,-0.0036321271929824483
DENN,Stock,16.225,-0.000923645320196842
DEPO,Stock,6.58,-0.006042296072507614
DERM,Stock,7.115,-0.007670850767085069
DFBG,Stock,1.41,0.0
DFRG,Stock,16.125,0.0015527950310558758
DFS,Stock,70.33,-0.00014216661927790586
DG,Stock,95.0,-0.004192872117400492
DGAZ,ETF,28.8,0.0
DGICA,Stock,15.2,-0.024390243902439046
DGII,Stock,10.675,0.0
DGLY,Stock,2.35,0.0
DGRE,Stock,26.71,-0.007800891530460707
DGRW,Stock,39.83,-0.0032532532532533187
DGX,Stock,97.44,-0.0011276268580214799
DHI,Stock,45.33,-0.0013218770654329637
DHIL,Stock,202.25,0.0
DHR,Stock,96.69,-0.002733226754680018
DHXM,Stock,3.1,0.0
DIOD,Stock,29.56,-0.010378305992634784
DIS,Stock,100.34,0.000299072874090367
DISCA,Stock,22.625,-0.003084379819343508
DISCK,Stock,20.72,-0.0009643201542911539
DISH,Stock,38.5,0.00025980774227063463
DLPH,Stock,49.04,0.005227016500973791
DLPN,Stock,3.06,0.0
DLTH,Stock,19.48,-0.007641365257259225
DLTR,Stock,98.74,0.002640129975629568
DMRC,Stock,25.125,0.0029940119760478723
DNB,Stock,115.57,-0.005079201101928388
DNBF,Stock,33.175,0.0
DNKN,Stock,59.7,-0.0010040160642569296
DNLI,Stock,18.12,-0.007123287671232825
DO,Stock,15.815,0.015083440308087281
DORM,Stock,67.46,0.0005932957579353193
DOTA,Stock,9.94,0.0
DOV,Stock,93.17,-0.004912955249385842
DOVA,Stock,29.4,0.0003402517863217991
DOW,Stock,66.1,0.0
DOX,Stock,65.64,-0.002658968320291666
DPS,Stock,118.605,0.0005483381137167953
DRAD,Stock,1.375,0.0
DRI,Stock,86.9,0.0034642032332565798
DRNA,Stock,9.46,-0.006302521008403228
DRRX,Stock,2.36,0.0
DRYS,Stock,3.415,-0.01726618705035976
DSGX,Stock,28.25,-0.007029876977152849
DSKE,Stock,9.325,-0.0010712372790574465
DSKEW,Stock,0.97,-0.044334975369458074
DSPG,Stock,11.75,-0.008438818565400852
DTE,Stock,104.06,-0.00019215987701759474
DUK,Stock,78.15,-0.0022979701263882157
DVA,Stock,63.04,0.004781638508128738
DVAX,Stock,18.55,0.008152173913043681
DVN,Stock,31.455,0.003989786147462482
DVY,Stock,94.72,-0.0007384745226290956
DWAS,Stock,48.37,0.0
DWCH,Stock,8.3,0.0060606060606061
DWFI,Stock,24.95,0.0
DWPP,Stock,27.94,0.0
DWT,ETF,11.595,0.0008631851532152623
DXCM,Stock,70.15,-0.00777934936350777
DXJS,Stock,44.53,0.0
DXLG,Stock,1.7,-0.01449275362318847
DXPE,Stock,37.49,0.016540130151843746
DXYN,Stock,2.85,-0.08064516129032262
DYSL,Stock,1.32,0.0
DZSI,Stock,11.14,0.0
EA,Stock,118.31,-0.0037891545975076157
EARS,Stock,1.42,0.0
EBAY,Stock,39.095,-0.003949044585987327
EBAYL,Stock,26.17,0.0
EBIO,Stock,1.495,0.023972602739726234
EBIX,Stock,74.05,0.0
EBSB,Stock,19.875,0.0037878787878786735
ECHO,Stock,28.0,0.0017889087656530744
ECL,Stock,139.82,-0.0014996786402914353
ECOL,Stock,54.075,-0.013229927007299191
ECPG,Stock,44.625,0.0016835016835017313
ECYT,Stock,8.29,0.004848484848484658
ED,Stock,78.62,-0.0006355662895639602
EDGE,Stock,1.105,-0.03493449781659397
EDGW,Stock,5.4,0.0
EDIT,Stock,31.93,0.0009404388714733258
EDUC,Stock,24.75,0.0
EEFT,Stock,71.27,-0.00196050973253048
EFII,Stock,27.01,-0.004056047197640078
EFSC,Stock,46.7,-0.00954400848356296
EFX,Stock,117.56,-0.0011894647408665637
EGAN,Stock,8.025,-0.0031055900621118626
EGBN,Stock,59.1,-0.007556675062972196
EGLE,Stock,4.8,0.004184100418409997
EGLT,Stock,0.6015,0.0
EGOV,Stock,13.675,-0.01618705035971224
EGRX,Stock,52.08,0.0013458950201883368
EHTH,Stock,15.37,-0.009664948453608324
EIGI,Stock,7.325,0.0
EIGR,Stock,9.15,0.0
EIX,Stock,63.35,-0.002990242367012841
EKSO,Stock,1.43,0.0
EL,Stock,150.28,0.005452781587662603
ELGX,Stock,4.215,-0.0035460992907803135
EMB,Stock,112.56,0.0007557234941097946
EMCB,Stock,70.99,0.0
EMCI,Stock,26.825,0.0
EMITF,Stock,2.7,0.0
EMKR,Stock,5.625,0.022727272727272707
EML,Stock,28.65,0.0
EMN,Stock,102.89,0.002631066068992327
EMR,Stock,66.335,0.00022617611580222352
ENDP,Stock,5.485,0.0036596523330283404
ENFC,Stock,28.75,0.0
ENPH,Stock,4.145,-0.022405660377358694
ENSG,Stock,27.06,-0.0051470588235293935
ENT,Stock,1.16,-0.0042918454935623185
ENTA,Stock,82.0,-0.0020688815869539523
ENTG,Stock,33.75,0.0022271714922050823
ENZL,Stock,48.99,0.0
EOG,Stock,101.97,0.02184587634031465
EOLS,Stock,7.58,-0.047738693467336724
EPAY,Stock,39.09,-0.005090353779587553
EPIX,Stock,0.19,0.0
EPZM,Stock,14.825,-0.024671052631578982
EQBK,Stock,39.47,0.005861365953109043
EQIX,Stock,407.25,0.0015247276393772768
EQR,Stock,62.98,-0.002217997465145727
EQT,Stock,46.915,0.005680600214362341
ERI,Stock,34.35,0.001457725947521915
ERIC,Stock,6.2,-0.0016103059581320522
ERIE,Stock,114.46,-0.0012652153047424397
ERII,Stock,8.3,0.008505467800729027
ES,Stock,59.64,-0.0005027652086475598
ESBK,Stock,20.5,0.0
ESCA,Stock,13.7,0.0
ESEA,Stock,2.11,0.0
ESGD,Stock,67.17,0.0
ESGG,Stock,93.25,0.0
ESGR,Stock,211.6,0.00642092746730083
ESIO,Stock,18.485,0.007906215921483106
ESLT,Stock,116.61,-0.006051824070917089
ESND,Stock,8.405,-0.015807962529273967
ESPR,Stock,66.42,0.0004518752824220762
ESQ,Stock,24.57,-0.0032454361054765624
ESRX,Stock,67.93,0.0007365939893932971
ESS,Stock,242.55,-0.0007003955174685883
ESV,Stock,4.625,0.014254385964912464
ESXB,Stock,8.65,-0.005747126436781436
ETFC,Stock,55.27,0.000905469032959072
ETH,Crypto,370.61,-0.001428032548364433
ETN,Stock,75.97,-0.009259259259259411
ETR,Stock,78.975,-0.0027149892663215214
ETSY,Stock,27.63,-0.005220522052205245
EUFN,Stock,22.965,-0.0017387524451205616
EVBG,Stock,35.51,0.0039581566299122795
EVGN,Stock,2.8,0.0
EVLV,Stock,0.92,0.0
EVOK,Stock,2.13,0.0
EW,Stock,137.515,-0.0005450977541974211
EWBC,Stock,60.46,0.008843650926080526
EXAS,Stock,37.82,-0.010465724751439032
EXC,Stock,38.615,-0.0018094868812200682
EXEL,Stock,21.09,-0.006594441827602493
EXLS,Stock,55.33,-0.01090454057919199
EXPD,Stock,61.6,0.0006497725795970855
EXPE,Stock,107.59,0.0015825730776390934
EXPO,Stock,79.25,-0.016749379652605367
EXTR,Stock,10.53,0.004770992366412097
EXXI,Stock,3.87,0.0
EYE,Stock,32.465,-0.0026113671274959893
EYEG,Stock,0.478,-0.004166666666666652
EYES,Stock,1.71,-0.014409221902017322
EZPW,Stock,12.875,0.0
F,Stock,11.185,0.003139013452914785
FAB,Stock,54.57,0.0
FAMI,Stock,6.66,0.0
FANG,Stock,116.57,0.004134723059694867
FANH,Stock,25.69,-0.005034856700232293
FARM,Stock,29.95,0.007569386038687842
FARO,Stock,57.65,0.0008680555555555802
FAS,ETF,61.33,-0.0008145975887912105
FAST,Stock,53.63,-0.002418154761904656
FAT,Stock,6.77,0.0
FATE,Stock,9.28,-0.013815090329436841
FAZ,ETF,11.74,-0.00170068027210879
FB,Stock,157.2,-0.011258569721366296
FBIO,Stock,4.83,-0.006172839506172867
FBMS,Stock,31.85,0.0
FBNC,Stock,35.855,0.0
FCBC,Stock,30.37,-0.0027910031193563167
FCCO,Stock,22.95,0.0
FCEL,Stock,1.785,0.0
FCNCA,Stock,410.1,0.0
FCVT,Stock,28.95,0.0
FCX,Stock,17.325,-0.004596380350474161
FDEF,Stock,57.18,0.0
FDT,Stock,61.99,0.0
FDTS,Stock,43.35,0.0
FDUS,Stock,13.09,0.002680965147453085
FDX,Stock,234.35,0.0024810711382983186
FE,Stock,34.205,0.00014619883040922765
FEIM,Stock,9.25,0.0
FELE,Stock,41.0,-0.012048192771084376
FEM,Stock,28.77,-0.011340206185567081
FENC,Stock,14.005,-0.019257703081232425
FEP,Stock,39.45,-0.008793969849246075
FEX,Stock,57.68,0.0
FEYE,Stock,17.33,-0.0023028209556708035
FFBC,Stock,28.175,-0.001771479185119551
FFHL,Stock,3.13,0.0
FFIC,Stock,26.95,-0.008826774549466787
FFIN,Stock,46.55,0.0005373455131649774
FFIV,Stock,140.78,-0.0032568677428490567
FFKT,Stock,40.0,-0.019607843137254832
FFNW,Stock,15.7,-0.017521902377972576
FFWM,Stock,18.51,0.0
FGBI,Stock,26.0,0.0
FGEN,Stock,44.95,0.0033482142857144126
FHB,Stock,27.585,0.004186385147433747
FIBK,Stock,39.325,0.0031887755102040227
FINL,Stock,13.505,0.0
FIS,Stock,95.52,-0.0018808777429467627
FISI,Stock,30.3,0.0041425020712511085
FISV,Stock,69.85,-0.006189087287472472
FITB,Stock,31.225,0.001282667949334737
FIVE,Stock,70.715,-0.00035340684195639405
FIVN,Stock,27.63,-0.015324305060584464
FIXD,Stock,49.5,0.0
FIZZ,Stock,89.08,0.008034400814756149
FJP,Stock,57.35,-0.005893569076096283
FLDM,Stock,5.9,-0.02236951118475561
FLEX,Stock,15.995,-0.002494543186778997
FLIC,Stock,26.85,-0.007393715341959317
FLIR,Stock,50.22,-0.0017889087656530744
FLKS,Stock,4.965,0.0
FLL,Stock,3.12,-0.018867924528301883
FLN,Stock,22.01,-0.0006810442678772954
FLR,Stock,56.73,0.0028283542513698468
FLS,Stock,43.17,-0.002426343154246058
FLWS,Stock,12.725,0.0019685039370078705
FLXN,Stock,23.825,0.010390161153519983
FLXS,Stock,39.15,-0.0012755102040817867
FMBH,Stock,36.5,0.0
FMBI,Stock,24.295,0.001442704039571252
FMC,Stock,78.175,0.003079489318021267
FMI,Stock,71.55,-0.004521739130434854
FMK,Stock,32.77,0.0
FMNB,Stock,13.9,0.0
FNCB,Stock,9.24,0.0
FNGN,Stock,32.925,0.004576659038901587
FNHC,Stock,16.34,-0.004265691651432091
FNJN,Stock,2.85,0.007067137809187329
FNKO,Stock,8.13,0.0006153846153846843
FNSR,Stock,15.335,0.005573770491803298
FNTE,Stock,9.95,0.0
FOLD,Stock,13.13,0.0022900763358779663
FOMX,Stock,4.9,-0.025844930417495027
FONR,Stock,27.7,0.001808318264014508
FORD,Stock,1.52,-0.031847133757961776
FORM,Stock,13.225,0.0
FORR,Stock,43.075,0.0029103608847496076
FOSL,Stock,14.17,0.009978617248752819
FOX,Stock,35.37,-0.0014116318464145738
FOXA,Stock,35.695,-0.0004200504060487553
FOXF,Stock,34.575,0.0021739130434783593
FPA,Stock,35.37,0.0
FPRX,Stock,17.23,-0.01963015647226163
FPXI,Stock,36.74,0.0
FRAN,Stock,4.825,0.007306889352818313
FRBK,Stock,8.4,0.015105740181268867
FRED,Stock,2.965,0.0
FRGI,Stock,19.5,-0.001280409731113874
FRME,Stock,41.4,-0.004568405866794967
FRPT,Stock,18.05,-0.010958904109588996
FRSH,Stock,5.0,-0.013806706114398493
FRTA,Stock,8.31,0.008495145631068013
FSBW,Stock,55.3,0.002538071065989911
FSCT,Stock,32.9,0.0024375380865324647
FSLR,Stock,69.74,0.0012203000502475359
FSNN,Stock,3.46,0.008746355685131046
FSTR,Stock,23.85,-0.024539877300613355
FSV,Stock,70.325,-0.003612921507509137
FSZ,Stock,51.61,-0.0015476881408396093
FTA,Stock,52.96,0.0
FTC,Stock,63.18,0.0
FTCS,Stock,49.71,-0.006197520991603422
FTD,Stock,5.1,0.05590062111801242
FTEK,Stock,1.38,-0.007194244604316502
FTGC,Stock,20.63,0.0
FTI,Stock,28.855,0.00873973081629087
FTNT,Stock,54.38,-0.0011021307861864837
FTR,Stock,7.72,-0.0012936610608021981
FTRPR,Stock,12.175,0.0
FTSL,Stock,48.12,-0.0005192647211549328
FTSM,Stock,59.985,0.0
FTXO,Stock,28.98,-0.011090257635215761
FULT,Stock,17.325,0.0
FUNC,Stock,19.8,0.0
FVC,Stock,26.02,-0.004209720627631031
FWONA,Stock,28.39,-0.009766306243460088
FWONK,Stock,29.77,-0.0056780227120909466
FWRD,Stock,53.35,0.005086661642803358
FYC,Stock,42.85,0.0
FYT,Stock,35.74,0.0
FYX,Stock,59.57,-0.02296211251435132
GABC,Stock,33.42,-0.004764740917212573
GAIA,Stock,15.65,0.011308562197092087
GAIN,Stock,10.29,-0.002423654871546277
GALT,Stock,4.65,0.0021551724137931494
GASS,Stock,4.08,0.0
GBCI,Stock,37.5,-0.0005330490405117683
GBDC,Stock,17.96,0.0
GBLIZ,Stock,25.77,0.0
GBNK,Stock,28.325,-0.0035180299032542273
GBT,Stock,41.7,-0.0035842293906809264
GCBC,Stock,36.05,-0.0006930006930008226
GCVRZ,Stock,0.445,0.0
GD,Stock,215.68,-0.004247460757155985
GDEN,Stock,24.59,-0.0020292207792208528
GDS,Stock,24.99,0.003010234798314304
GE,Stock,13.055,-0.005712109672505794
GEMP,Stock,6.03,-0.01631321370309946
GENC,Stock,15.775,0.0
GEOS,Stock,9.9,0.010204081632652962
GERN,Stock,3.485,-0.0028612303290415086
GGAL,Stock,66.51,-0.00015033072760062272
GGP,Stock,20.265,-0.0031972454500737157
GHDX,Stock,30.98,-0.010223642172523917
GIFI,Stock,8.05,0.006250000000000089
GIII,Stock,39.135,0.0001277791975464737
GILD,Stock,73.4,-0.0023107244800868454
GIS,Stock,45.47,0.0002199736031676114
GLAD,Stock,8.64,-0.004608294930875445
GLDD,Stock,4.525,-0.021621621621621512
GLIBA,Stock,51.65,0.006038176860147848
GLIBP,Stock,23.79,0.0012626262626260765
GLMD,Stock,6.02,0.0
GLNG,Stock,28.06,0.0026800071466857034
GLPG,Stock,94.81,0.0007388642600802964
GLPI,Stock,33.725,-0.0013325436778206523
GLRE,Stock,15.425,-0.003231017770597644
GLUU,Stock,3.67,-0.004070556309362261
GLW,Stock,26.56,-0.005429694813705255
GLYC,Stock,15.5,-0.02638190954773867
GM,Stock,37.7,0.004262120404901593
GME,Stock,13.445,0.011662904439428301
GMLP,Stock,17.57,0.0031401655723666266
GNBC,Stock,22.625,0.0011061946902655162
GNCA,Stock,0.9431,0.003297872340425556
GNMA,Stock,48.63,-0.00020559210526316374
GNMK,Stock,5.36,-0.0037174721189590088
GNMX,Stock,1.83,0.0
GNTX,Stock,23.68,0.00042247570764675224
GNTY,Stock,33.75,0.0
GNW,Stock,2.75,0.0
GOGL,Stock,7.28,0.006915629322268302
GOGO,Stock,8.505,0.004132231404958775
GOLD,Stock,79.75,-0.0010021295252411466
GOOD,Stock,17.35,-0.003446295232624852
GOOG,Stock,1007.37,-0.0028211676664489094
GOOGL,Stock,1010.05,-0.003153235397164611
GOV,Stock,12.28,-0.0068742418115649295
GOVNI,Stock,25.07,0.0
GPC,Stock,89.265,-0.0007276390910108121
GPIC,Stock,9.74,0.0
GPOR,Stock,9.775,0.01242879337131031
GPRE,Stock,16.425,0.01702786377708998
GPRO,Stock,4.88,-0.009137055837563413
GPS,Stock,30.845,-0.00851816136290584
GRFS,Stock,20.22,0.0024789291026274807
GRMN,Stock,58.41,-0.002476304329263157
GROW,Stock,2.47,0.02066115702479343
GRPN,Stock,4.365,0.0
GS,Stock,250.06,0.005225920566007458
GSIT,Stock,7.415,0.0
GSM,Stock,10.285,0.011307767944936042
GSUM,Stock,8.1,0.026615969581748944
GSVC,Stock,7.44,-0.013262599469495928
GT,Stock,26.805,-0.0001864975755314635
GTHX,Stock,35.57,-0.013041065482796821
GTLS,Stock,59.68,-0.0011715481171548081
GTXI,Stock,17.94,-0.020742358078602585
GWPH,Stock,110.83,-0.007611031518624745
GWRS,Stock,8.95,0.0
GWW,Stock,286.59,-0.0006973743854389314
HA,Stock,39.95,-0.004981320049813109
HABT,Stock,9.2,0.0027247956403269047
HAFC,Stock,30.45,0.0
HAIN,Stock,30.67,-0.007122045969569446
HAIR,Stock,5.75,-0.0368509212730318
HAL,Stock,47.02,0.007499464323976968
HALL,Stock,9.1,0.0
HALO,Stock,18.96,0.0
HAS,Stock,84.46,-0.00230346701317119
HAWK,Stock,44.625,-0.0011191941801902416
HAYN,Stock,37.72,0.012345679012345734
HBAN,Stock,14.555,0.0017205781142464183
HBANO,Stock,26.68,0.0
HBCP,Stock,43.4,0.0
HBHC,Stock,50.95,0.003940886699507429
HBI,Stock,18.895,0.001059602649006619
HBIO,Stock,5.0,0.005025125628140836
HBNC,Stock,29.17,-0.028314457028647544
HBP,Stock,5.25,-0.009433962264150941
HCA,Stock,96.25,0.0005717552887365418
HCAP,Stock,10.23,-0.0014641288433381305
HCCI,Stock,22.4,-0.013215859030836996
HCKT,Stock,15.9,-0.013647642679900818
HCM,Stock,29.57,0.0030529172320217235
HCN,Stock,52.235,0.0
HCP,Stock,23.205,-0.008121393460141069
HCSG,Stock,42.53,-0.006076186024772112
HD,Stock,174.45,-0.0024588289112534856
HDNG,Stock,18.305,0.0
HDP,Stock,17.96,0.0022321428571427937
HDS,Stock,38.04,-0.0028833551769331667
HDSN,Stock,4.67,0.001071811361200492
HEAR,Stock,0.63,-0.0009514747859182826
HEES,Stock,36.22,-0.011193011193011304
HELE,Stock,84.8,-0.007897045919859624
HES,Stock,51.12,0.007092198581560183
HEWG,Stock,27.41,0.0
HFWA,Stock,29.95,-0.01561216105176666
HIBB,Stock,26.25,0.005747126436781658
HIG,Stock,51.11,-0.005835440575763462
HIIQ,Stock,29.0,-0.011925042589437829
HIMX,Stock,6.395,0.019123505976095467
HLG,Stock,77.2,-0.006179196704428458
HLIT,Stock,3.725,0.0
HLNE,Stock,37.035,-0.0009441596978689848
HMHC,Stock,7.225,0.0
HMNY,Stock,2.92,0.07749077490774914
HMST,Stock,27.725,0.0
HMSY,Stock,16.92,0.003558718861210064
HMTV,Stock,11.35,-0.017316017316017396
HNNA,Stock,19.12,0.0
HNRG,Stock,6.485,0.0
HOFT,Stock,39.45,-0.016209476309226867
HOG,Stock,42.22,-0.0011828720132482928
HOLI,Stock,24.75,0.002024291497975783
HOLX,Stock,36.425,-0.003147235905856638
HOMB,Stock,22.6,0.005338078291815096
HON,Stock,142.77,-0.0008048430556040209
HONE,Stock,17.65,-0.01065022421524675
HOPE,Stock,17.91,0.003361344537815114
HP,Stock,65.455,0.011512903724308465
HPJ,Stock,3.45,0.0
HPQ,Stock,20.775,-0.006218607988519587
HPT,Stock,24.86,-0.0067918497802637035
HQCL,Stock,7.47,0.008097165991902688
HQY,Stock,62.83,0.0011153601019757708
HRB,Stock,25.505,-0.0005877742946708286
HRL,Stock,34.93,-0.006258890469416745
HRS,Stock,161.03,-0.002910216718266301
HRTX,Stock,26.75,-0.0092592592592593
HRZN,Stock,10.48,-0.020560747663551315
HSGX,Stock,2.8,0.0
HSIC,Stock,66.8,0.0011990407673860837
HSII,Stock,30.325,0.0008250825082507518
HSKA,Stock,73.47,-0.007027976753615328
HSON,Stock,1.87,0.0
HST,Stock,18.445,-0.0002710027100270018
HSTM,Stock,24.36,-0.0093533956893046
HSY,Stock,98.85,-0.0016159983840017267
HTBI,Stock,26.45,-0.017641597028783762
HTBK,Stock,16.22,-0.011578305911029929
HTBX,Stock,1.28,0.0
HTGM,Stock,3.36,-0.026086956521739202
HTHT,Stock,129.96,7.695267410556816e-05
HTLD,Stock,17.81,0.01626248216833104
HTLF,Stock,51.95,-0.00858778625954193
HUBG,Stock,39.35,0.010269576379974277
HUM,Stock,283.81,0.0069897814362760435
HURN,Stock,38.4,-0.0006506180871828082
HWCC,Stock,7.775,0.003225806451612856
HWKN,Stock,32.25,-0.013006885998469664
HYGS,Stock,7.9,0.0
HYLS,Stock,47.76,0.0
HYZD,Stock,23.9,-0.0008361204013379586
HZNP,Stock,13.655,-0.006186317321688617
IAC,Stock,150.265,-0.0025555924327913537
IART,Stock,54.585,-0.0028315674095725774
IBB,Stock,101.07,-0.0027627035027133484
IBCP,Stock,23.425,-0.005307855626326963
IBKC,Stock,78.0,-0.001280409731113874
IBKR,Stock,69.12,0.01126554498902732
IBM,Stock,150.54,-0.00033202735905446534
IBOC,Stock,38.975,0.0006418485237482674
IBTX,Stock,69.75,-0.002859185132237374
ICAD,Stock,3.27,-0.015060240963855387
ICCC,Stock,7.48,0.0
ICE,Stock,70.64,-0.0004245082779114062
ICFI,Stock,63.775,-0.00039184952978055243
ICHR,Stock,23.33,0.016557734204792895
ICLK,Stock,7.525,0.0
ICLN,Stock,9.635,-0.012807377049180335
ICLR,Stock,111.42,-0.0017023564196756436
ICON,Stock,1.025,0.02499999999999991
ICPT,Stock,71.655,0.0037120044824205944
ICUI,Stock,249.9,-0.004580760804620665
IDCC,Stock,75.3,0.0
IDRA,Stock,1.645,-0.02083333333333326
IDTI,Stock,29.6,-0.00970224155235866
IDXG,Stock,0.914,0.0
IDXX,Stock,185.63,-0.004611507319427388
IEF,Stock,102.925,0.0005832887765517825
IEI,Stock,120.43,0.0001660991611993623
IEMG,ETF,57.02,-0.001313600140117277
IEP,Stock,59.97,-0.0008330556481174201
IESC,Stock,16.35,0.0030674846625766694
IFF,Stock,135.335,-0.0014756336001769954
IFGL,Stock,29.69,-0.0025197379472534642
IFON,Stock,4.8,0.0
IFRX,Stock,27.51,-0.0010893246187363426
IFV,Stock,21.77,0.0
IGF,Stock,42.72,-0.005239259517988204
IGOV,Stock,51.42,0.0007785130400934648
IHI,ETF,180.11,0.0
III,Stock,4.195,-0.0035629453681709222
IIIN,Stock,26.98,-0.0027721308445758375
IIN,Stock,19.9,-0.0050000000000001155
IIVI,Stock,40.8,-0.008505467800729027
IJT,Stock,172.86,-0.0005203816131829075
ILG,Stock,31.58,0.0031766200762388674
ILMN,Stock,228.39,0.00039421813403395234
ILPT,Stock,20.005,-0.010143493320138641
IMDZ,Stock,3.175,-0.03053435114503822
IMGN,Stock,10.035,0.006519558676028048
IMKTA,Stock,33.975,0.0036927621861151394
IMMR,Stock,11.43,0.004393673110720364
IMMU,Stock,13.955,0.00035842293906807043
IMMY,Stock,1.91,0.0
IMOS,Stock,15.885,-0.0006291286568103072
IMPV,Stock,43.8,0.0
INAP,Stock,10.95,0.011547344110854452
INBK,Stock,36.45,-0.0006854009595612665
INCY,Stock,64.07,-0.03668621259960925
INDB,Stock,71.35,0.004222378606615118
INDY,Stock,35.36,-0.003663003663003761
INFI,Stock,1.875,-0.0026595744680850686
INFN,Stock,10.88,-0.007299270072992692
INFO,Stock,48.08,0.0016666666666667052
INGN,Stock,128.0,-0.004975124378109319
INNT,Stock,27.97,-0.060936713110626206
INO,Stock,4.625,-0.014909478168264156
INOV,Stock,10.25,0.004901960784313708
INPX,Stock,0.85,0.0
INSE,Stock,5.45,-0.009090909090909038
INSG,Stock,1.72,0.0
INSM,Stock,20.07,-0.004217315802530486
INSY,Stock,6.29,0.016155088852988664
INTC,Stock,48.79,-0.0063136456211813075
INTG,Stock,23.2,0.0
INTL,Stock,42.385,-0.009580558476457668
INTU,Stock,167.56,-0.004574348006891271
INTX,Stock,2.215,0.002262443438914019
INVA,Stock,16.46,0.0012165450121655041
INWK,Stock,9.39,0.002134471718249875
IONS,Stock,40.79,0.0024576062914720698
IOSP,Stock,68.0,0.00036778227289446797
IOTS,Stock,7.55,-0.00983606557377048
IOVA,Stock,13.85,-0.007168458781361964
IP,Stock,52.18,-0.0017218289649895135
IPAR,Stock,48.4,0.0015519917227106994
IPCC,Stock,118.2,0.0
IPG,Stock,23.165,0.001080380293863481
IPGP,Stock,222.42,-0.0024219590958020065
IPHS,Stock,40.38,-0.0004950495049503845
IPWR,Stock,1.295,0.0
IPXL,Stock,18.975,-0.005242463958060162
IR,Stock,83.19,-0.00042054671072389027
IRBT,Stock,66.4,-0.010358446978165237
IRDM,Stock,11.75,0.0
IRM,Stock,33.535,-0.00014907573047118206
IRTC,Stock,60.41,-0.014518760195758595
IRWD,Stock,14.36,-0.00485100485100487
ISBC,Stock,13.345,0.0037608123354644363
ISCA,Stock,39.575,-0.01799007444168721
ISIG,Stock,1.88,0.07428571428571429
ISRG,Stock,396.72,-0.0036666834095132605
ISTB,Stock,49.27,-0.001013787510137809
ISTR,Stock,25.4,0.005940594059405946
ITA,ETF,196.58,-0.005161943319837992
ITCI,Stock,19.43,0.007518796992481258
ITI,Stock,4.5,0.03926096997690531
ITOT,ETF,59.65,-0.0011721366376423736
ITRI,Stock,68.15,-0.003654970760233911
ITRN,Stock,32.15,0.0039032006245121043
ITUS,Stock,4.4,0.0
ITW,Stock,152.63,-0.004565316637318295
IUSB,Stock,49.8,0.0
IUSG,Stock,53.73,0.00018615040953084971
IUSV,Stock,52.6,0.00038037276530999975
IVAC,Stock,6.325,0.0
IVTY,Stock,4.175,-0.01764705882352946
IVV,ETF,261.65,-0.0004202322738386943
IVZ,Stock,30.695,-0.0037325543654657123
IXUS,Stock,62.51,-0.004776309504855969
IZEA,Stock,2.36,0.0
JACK,Stock,86.575,0.007975317266270876
JAGX,Stock,0.1808,0.004444444444444473
JAKK,Stock,2.25,0.011235955056179803
JASN,Stock,3.11,0.0
JASO,Stock,7.08,-0.0028169014084505895
JAZZ,Stock,150.17,-0.004177718832891419
JBHT,Stock,109.88,-0.002632295543251395
JBLU,Stock,19.94,0.0010040160642570406
JBSS,Stock,57.495,-0.0061365600691444255
JCI,Stock,33.635,-0.004881656804733736
JCOM,Stock,77.14,0.0016880924555251475
JCS,Stock,3.83,0.0
JD,Stock,39.22,0.0
JDST,ETF,53.3,-0.012962962962963065
JEC,Stock,58.02,0.0005173305742369738
JJSF,Stock,138.59,-0.007732512350540399
JKHY,Stock,118.39,-0.003031578947368385
JMBA,Stock,8.76,0.0
JNCE,Stock,18.63,0.04078212290502803
JNJ,Stock,128.09,0.0032111528822054147
JNP,Stock,10.525,0.0
JNPR,Stock,24.095,0.00521485189820603
JNUG,ETF,13.795,0.0
JOBS,Stock,87.435,-0.00245293782087852
JPM,Stock,109.03,0.004236897853919119
JRJC,Stock,2.22,0.0
JRVR,Stock,35.65,-0.0033547665641600055
JSM,Stock,22.88,0.0
JTPY,Stock,2.25,0.0
JWN,Stock,48.04,-0.017787773461459766
JYNT,Stock,6.76,0.0
K,Stock,64.255,-0.0008552324677345569
KALA,Stock,16.62,0.017758726270667546
KALU,Stock,101.71,-0.005767350928641335
KALV,Stock,9.065,-0.0032985156679495864
KANG,Stock,20.105,0.002243270189431712
KBAL,Stock,17.1,-0.013840830449826869
KBWB,Stock,54.24,0.0012922281705740613
KBWD,Stock,22.84,0.0
KBWP,Stock,61.82,0.0
KBWR,Stock,56.39,0.0
KBWY,Stock,31.56,0.0
KCAP,Stock,3.15,0.0
KE,Stock,16.35,0.0092592592592593
KELYA,Stock,29.005,-0.006167551824567408
KEQU,Stock,33.5,0.0
KERX,Stock,4.18,0.014563106796116498
KEY,Stock,19.09,0.00420831141504463
KEYW,Stock,8.0,0.0037641154328733606
KFRC,Stock,27.275,-0.013562386980108476
KHC,Stock,60.53,-0.0018139841688654679
KIDS,Stock,16.67,0.0
KIN,Stock,8.45,0.0
KINS,Stock,16.85,-0.002958579881656598
KIRK,Stock,10.095,-0.0014836795252224366
KLAC,Stock,104.01,-0.014123222748815167
KLIC,Stock,24.46,-0.0036659877800406804
KLXI,Stock,69.69,0.002157031924072461
KMB,Stock,108.62,-0.0006440334897414024
KMPH,Stock,6.325,0.0
KMX,Stock,60.28,-0.001986754966887383
KNSL,Stock,50.415,-0.011470588235294121
KO,Stock,43.925,-0.0017045454545455696
KONA,Stock,1.85,0.0277777777777779
KOOL,Stock,1.66,0.0
KOPN,Stock,3.06,0.003278688524590345
KORS,Stock,64.87,0.00247256992736844
KPTI,Stock,12.49,-0.013428120063191162
KR,Stock,23.775,0.0014743049705139288
KRMA,Stock,19.37,0.0
KRNT,Stock,13.075,0.005769230769230749
KRNY,Stock,13.05,-0.003816793893129722
KSS,Stock,63.985,-0.0025720966484802377
KSU,Stock,108.52,0.00027652318186
KTOS,Stock,10.665,0.006132075471698029
KTWO,Stock,18.82,-0.0021208907741251393
KURA,Stock,16.75,-0.0029761904761904656
KVHI,Stock,10.3,0.0
KWEB,ETF,59.14,0.0
L,Stock,49.4,-0.006036217303822977
LABD,ETF,41.75,0.018168516034629878
LABL,Stock,65.0,-0.00990099009901002
LABU,ETF,66.39,-0.007623318385650335
LAKE,Stock,12.9,0.0
LAMR,Stock,63.9,-0.008533747090768151
LANC,Stock,122.9,-0.0043745949449124355
LAND,Stock,12.78,0.000783085356303781
LARK,Stock,28.6,0.0
LAUR,Stock,14.09,-0.00983836964160234
LAWS,Stock,24.35,0.0
LAYN,Stock,14.8,-0.008375209380234505
LB,Stock,38.21,0.0018353434714211136
LBAI,Stock,19.775,-0.0025220680958386588
LBC,Stock,11.815,-0.008392782207301663
LBCC,Stock,1.89,0.0
LBIX,Stock,1.18,0.0
LBRDA,Stock,82.49,0.004627938131774423
LBRDK,Stock,82.44,0.0010928961748635224
LBTYA,Stock,31.36,0.0006381620931716903
LBTYK,Stock,30.35,-0.0013162224415925738
LCNB,Stock,19.1,0.0
LCUT,Stock,12.825,0.0
LDRI,Stock,24.55,0.0
LE,Stock,22.175,-0.012249443207126842
LECO,Stock,88.02,-0.009341586944288105
LEDS,Stock,3.33,0.0
LEG,Stock,43.95,-0.0029491833030852455
LEGR,Stock,28.71,0.0
LEN,Stock,61.59,0.00522278439693169
LENS,Stock,2.395,0.0
LEXEA,Stock,38.96,-0.0002566076469078249
LFIN,Stock,28.4,0.0
LFUS,Stock,198.65,0.004576601178285067
LGCY,Stock,4.39,-0.011261261261261368
LGCYO,Stock,7.2,0.0
LGCYP,Stock,8.47,0.0
LGIH,Stock,73.225,0.003082191780821919
LGND,Stock,154.94,-0.013089588840409005
LH,Stock,161.66,0.0012386968908706386
LHCG,Stock,71.36,0.016379433129183996
LILA,Stock,20.21,0.006975585450921695
LILAK,Stock,19.85,0.0005040322580645018
LIND,Stock,10.625,0.0009420631182288641
LINU,Stock,1.505,0.0
LION,Stock,22.7,0.002207505518763808
LIT,ETF,32.68,-0.006686930091185372
LITE,Stock,59.125,0.011115861479264577
LIVN,Stock,85.75,-0.0029649438986104615
LJPC,Stock,30.515,0.007095709570957176
LKFN,Stock,46.02,-0.017296604740550836
LKQ,Stock,38.175,0.0019685039370078705
LLIT,Stock,1.98,0.0
LLL,Stock,207.82,0.002170034238317964
LLNW,Stock,3.945,0.010243277848911658
LLY,Stock,76.84,-0.0032429627707873943
LM,Stock,39.51,-0.002020712301086247
LMAT,Stock,37.62,0.006959314775160541
LMB,Stock,13.18,0.0
LMBS,Stock,51.43,0.00038902937171769736
LMFA,Stock,0.8299,0.0438993710691824
LMNR,Stock,23.48,-0.0204422194409678
LMNX,Stock,21.025,0.0016674606955693339
LMRK,Stock,16.1,0.0
LMT,Stock,334.87,-0.002650702883011613
LNC,Stock,69.23,-0.0033112582781456013
LNDC,Stock,13.55,-0.0073260073260073
LNTH,Stock,15.375,0.006546644844517058
LOB,Stock,28.425,-0.0026315789473684292
LOCO,Stock,9.625,-0.0051679586563307955
LOGI,Stock,35.97,-0.0015267175572518665
LOGM,Stock,113.85,0.003525782282943979
LONE,Stock,4.44,0.01834862385321112
LOOP,Stock,14.54,0.0
LOPE,Stock,106.63,-0.0036441786581947744
LORL,Stock,39.95,-0.014796547472256338
LOW,Stock,88.23,0.005584682015044473
LOXO,Stock,110.91,-0.0013056593579758857
LPCN,Stock,1.635,-0.009090909090909038
LPLA,Stock,58.675,-0.010289280593742123
LPNT,Stock,47.475,0.009032943676939409
LPSN,Stock,15.075,-0.004950495049505066
LPTH,Stock,2.23,0.013636363636363447
LPTX,Stock,8.905,-0.0675392670157069
LQDT,Stock,6.175,-0.015936254980079778
LRCX,Stock,190.745,-0.0009427785779756448
LSCC,Stock,5.225,-0.007597340930674323
LSTR,Stock,105.25,0.0
LSXMA,Stock,41.05,0.0032995234021750974
LSXMK,Stock,40.83,0.0
LTBR,Stock,1.155,0.02212389380530988
LTRPA,Stock,10.275,-0.004842615012106477
LTXB,Stock,42.515,-0.005729653882132757
LUK,Stock,21.775,0.0011494252873562871
LULU,Stock,89.625,0.003976699899182368
LUNA,Stock,3.15,-0.042553191489361764
LUV,Stock,55.29,-0.0025257081003067228
LVHD,Stock,29.75,0.0
LWAY,Stock,5.79,-0.038205980066445155
LX,Stock,12.06,0.0
LXRX,Stock,8.575,0.0017523364485980686
LYB,Stock,100.8,-0.000693962526023717
LYTS,Stock,7.63,-0.008447043534762888
M,Stock,29.795,-0.002176825184192821
MA,Stock,169.65,-0.0076626111371080885
MAC,Stock,57.345,-0.004254210800486269
MACK,Stock,8.185,-0.003045066991473888
MAGS,Stock,5.845,0.0
MANH,Stock,41.795,-0.0015527950310558758
MANT,Stock,57.01,0.004227584992073208
MAR,Stock,130.95,-0.0023997257456290777
MARA,Stock,1.135,-0.025751072961373467
MARK,Stock,5.93,0.018900343642611617
MAS,Stock,40.24,0.0022415940224160824
MASI,Stock,83.82,-0.0016674606955693339
MAT,Stock,13.125,-0.0030383592859855035
MATW,Stock,50.3,-0.007889546351084964
MB,Stock,38.5,-0.0077319587628865705
MBB,Stock,104.4,-0.0004308487720808829
MBCN,Stock,49.0,0.0046130189646336195
MBFI,Stock,40.4,0.002232696601339512
MBII,Stock,3.24,0.04854368932038855
MBIN,Stock,21.8,0.026848798869524293
MBIO,Stock,10.45,-0.014615747289014713
MBOT,Stock,0.6655,0.0
MBRX,Stock,1.805,0.0
MBSD,Stock,23.39,0.0
MBTF,Stock,10.725,0.011792452830188704
MBUU,Stock,33.54,-0.0002980625931444658
MBWM,Stock,33.605,-0.011035903472630948
MCBC,Stock,10.32,-0.023651844843897818
MCD,Stock,161.25,-0.0054890835080793066
MCFT,Stock,24.96,0.0
MCHI,Stock,66.205,-0.0021853805576487195
MCHP,Stock,86.26,-0.008733624454148381
MCHX,Stock,2.64,0.0
MCK,Stock,139.735,-0.002320434099671531
MCO,Stock,159.06,0.0035964414158622393
MCRB,Stock,7.23,-0.026917900403768402
MCRI,Stock,41.33,-0.006967803940413297
MDB,Stock,40.78,-0.007544414699440338
MDCA,Stock,7.0,0.0035842293906811484
MDCO,Stock,29.75,0.0050675675675675436
MDGL,Stock,101.91,0.006816834617664469
MDIV,Stock,17.86,-0.0033482142857144126
MDLZ,Stock,41.485,-0.004678502879078672
MDRX,Stock,12.125,-0.0028782894736841813
MDSO,Stock,63.74,-0.0018791105543375375
MDT,Stock,77.64,-0.0029536406831899287
MDXG,Stock,6.485,0.0007716049382715529
MEDP,Stock,35.55,0.007510273487317587
MEET,Stock,1.95,0.01298701298701288
MEIP,Stock,1.95,0.0
MELI,Stock,342.58,0.005665639219139873
MEOH,Stock,62.225,0.012611879576891694
MERC,Stock,12.625,-0.0019762845849802257
MESO,Stock,5.67,0.0
MET,Stock,45.3,-0.0033003300330034513
METC,Stock,6.61,-0.007507507507507505
MFIN,Stock,4.5,0.0
MFSF,Stock,36.6,0.030985915492957705
MGEE,Stock,56.55,0.0
MGEN,Stock,6.53,-0.013595166163141936
MGI,Stock,8.25,0.004260499087035852
MGLN,Stock,107.075,-0.004879182156133699
MGNX,Stock,22.6,-0.01824500434404852
MGPI,Stock,86.035,0.008557528867006559
MGRC,Stock,53.665,-0.010783410138248906
MHK,Stock,236.05,-0.003083030661373387
MHLD,Stock,6.825,0.0
MICT,Stock,1.28,0.0
MIDD,Stock,123.62,0.0006475635421725467
MIII,Stock,8.37,0.0
MIK,Stock,19.34,-0.002578648788035154
MILN,Stock,19.68,0.0
MIME,Stock,35.03,-0.0022785531187695662
MINI,Stock,43.4,0.002309468822170979
MITK,Stock,7.425,0.0
MITL,Stock,9.27,-0.0010775862068965747
MKC,Stock,104.26,9.592326139085117e-05
MKSI,Stock,110.5,-0.00629496402877705
MKTX,Stock,206.91,0.01218080422659229
MLAB,Stock,150.145,-0.018980725253185282
MLCO,Stock,28.37,0.0022964140611199113
MLHR,Stock,32.075,-0.008500772797527034
MLM,Stock,202.23,0.000321519550861904
MLNT,Stock,6.875,-0.010791366906474864
MLNX,Stock,73.65,0.006835269993164639
MMC,Stock,80.76,-0.0023471278567016585
MMLP,Stock,13.875,-0.005376344086021501
MMSI,Stock,45.275,0.0016592920353981633
MMV,Stock,12.41,0.0
MMYT,Stock,33.95,0.007418397626112849
MNK,Stock,14.495,0.0031141868512110094
MNKD,Stock,1.785,-0.0027932960893854997
MNLO,Stock,34.31,-0.019714285714285684
MNOV,Stock,12.25,0.004098360655737654
MNRO,Stock,55.6,0.009990917347865613
MNST,Stock,55.92,0.0
MNTA,Stock,17.525,-0.019580419580419672
MNTX,Stock,11.86,0.0
MO,Stock,63.9,-0.0011723329425556983
MOBL,Stock,4.9,0.02617801047120416
MOMO,Stock,36.41,0.009706045479755732
MON,Stock,117.86,0.0019978746014877036
MORN,Stock,96.29,-0.007728771640560628
MOS,Stock,24.23,-0.0006186842647969426
MPAA,Stock,21.7,-0.0009208103130754486
MPC,Stock,72.49,0.0031829504566840416
MPWR,Stock,110.9,-0.015010214050981463
MRCC,Stock,12.5,-0.011075949367088667
MRCY,Stock,47.5,-0.0071070234113712605
MRDN,Stock,0.59,0.0
MRK,Stock,53.365,-0.0025233644859812276
MRNS,Stock,4.09,-0.0024390243902439046
MRO,Stock,16.255,0.003395061728395099
MRSN,Stock,15.07,-0.047408343868520886
MRTN,Stock,22.175,-0.01114827201783719
MRTX,Stock,26.075,0.036779324055665974
MRUS,Stock,17.02,-0.04004512126339543
MRVL,Stock,20.5,-0.012999518536350507
MS,Stock,53.055,-0.0017873941674505511
MSBI,Stock,31.61,-0.00924619965522655
MSCC,Stock,63.71,-0.0029733959311423197
MSEX,Stock,38.17,0.0
MSFT,Stock,90.0,-0.0057445868316393645
MSI,Stock,103.86,-0.006979634764317844
MSTR,Stock,125.92,-0.00787897888433664
MTB,Stock,181.79,0.005725982683743247
MTBCP,Stock,24.26,-0.00041203131437983487
MTCH,Stock,42.13,0.003334127173136414
MTEM,Stock,8.545,0.011242603550295938
MTEX,Stock,17.05,0.0
MTGE,Stock,17.825,0.0
MTLS,Stock,11.69,0.0
MTRX,Stock,14.475,0.0229681978798586
MTSC,Stock,50.0,-0.012833168805528095
MTSI,Stock,17.09,0.011841326228537508
MU,Stock,48.47,-0.00533552226554479
MUR,Stock,26.57,0.010650437428680215
MVIS,Stock,1.045,-0.027906976744186074
MXIM,Stock,56.81,-0.0057752887644382245
MXWL,Stock,5.57,0.005415162454873723
MYGN,Stock,27.94,-0.006047669868374128
MYL,Stock,39.52,0.0043202033036848775
MYND,Stock,1.29,0.0
MYOK,Stock,45.9,0.019433647973348123
MYRG,Stock,30.61,0.00525451559934309
MZOR,Stock,58.36,-0.00034258307639611907
NANO,Stock,25.58,-0.010827532869296275
NATH,Stock,75.25,0.0006648936170212671
NATI,Stock,47.96,0.0033472803347280866
NAUH,Stock,1.06,0.0
NAVG,Stock,57.1,-0.006092254134029584
NAVI,Stock,13.44,0.006741573033707926
NBEV,Stock,2.11,-0.08260869565217388
NBIX,Stock,76.9,-0.006267364476319703
NBL,Stock,29.27,0.0011971951428082495
NBN,Stock,20.075,-0.0417661097852029
NBRV,Stock,4.48,0.01587301587301604
NBTB,Stock,35.37,0.0011321822813472604
NCBS,Stock,53.96,0.0
NCMI,Stock,5.475,0.012014787430683738
NCNA,Stock,26.24,0.1025210084033612
NCOM,Stock,44.4,0.0
NCSM,Stock,15.68,0.018181818181818077
NDAQ,Stock,85.21,0.000469648937419187
NDLS,Stock,7.575,-0.009803921568627527
NDSN,Stock,131.36,-0.00961284728766898
NE,Stock,3.705,0.01091405184174632
NEE,Stock,162.67,-0.0011053116364753146
NEM,Stock,39.275,-0.0006361323155216203
NEO,Stock,8.11,0.007453416149068248
NEOG,Stock,67.25,-0.0034084173088323455
NEOS,Stock,8.1,-0.02114803625377648
NEPT,Stock,2.87,-0.010344827586206806
NERV,Stock,6.8,0.0
NETE,Stock,7.25,-0.013605442176870652
NEWT,Stock,17.95,-0.005540166204986208
NEWTI,Stock,25.51,0.0
NEXT,Stock,5.74,0.0
NFBK,Stock,15.41,-0.014705882352941235
NFLX,Stock,288.76,-0.008957682671517309
NFX,Stock,24.25,0.00789692435577738
NGHC,Stock,24.16,0.0008285004142500885
NGHCZ,Stock,25.13,0.0
NH,Stock,3.045,-0.014563106796116498
NHTC,Stock,18.94,0.007178941770805691
NI,Stock,24.265,0.002271788517141715
NICE,Stock,91.4,-0.006845593828099461
NIHD,Stock,2.41,-0.05859375
NITE,Stock,10.795,0.0
NK,Stock,3.645,0.0
NKE,Stock,67.56,-0.0007395355716609542
NKSH,Stock,44.25,0.0
NKTR,Stock,93.945,0.031059649892992258
NLNK,Stock,4.21,0.05513784461152871
NLSN,Stock,31.57,-0.003157562361856714
NMIH,Stock,17.675,0.0
NMRK,Stock,15.16,-0.002631578947368318
NNBR,Stock,22.475,0.04292343387470998
NOC,Stock,351.77,-0.0032444072935410295
NODK,Stock,16.51,0.0
NOV,Stock,37.0,0.005434782608695787
NOVN,Stock,3.02,0.028960817717206044
NOVT,Stock,51.3,0.004405286343612147
NRCIA,Stock,31.0,-0.002413515687851975
NRG,Stock,29.955,0.0011697860962565088
NRIM,Stock,34.75,0.0
NSC,Stock,129.39,0.0010831721470019318
NSIT,Stock,33.43,-0.019648093841642233
NSSC,Stock,10.55,0.004761904761904745
NSTG,Stock,7.75,-0.0012886597938144284
NTAP,Stock,63.13,-0.013285401688027387
NTCT,Stock,26.35,0.007648183556405508
NTEC,Stock,6.25,-0.007936507936507908
NTES,Stock,272.76,0.0008439437860052745
NTGR,Stock,58.125,0.0021551724137931494
NTLA,Stock,20.4,0.0014727540500734104
NTNX,Stock,49.84,-0.0006015640665729682
NTRA,Stock,8.81,0.0022753128555177415
NTRI,Stock,28.0,0.009009009009008917
NTRP,Stock,8.09,0.0
NTRS,Stock,101.22,0.005963029218843063
NTRSP,Stock,26.615,0.0
NUAN,Stock,15.015,-0.0013302294645826107
NUE,Stock,60.72,-0.001315789473684159
NUVA,Stock,54.41,0.005079892860441415
NVAX,Stock,2.025,0.0
NVCN,Stock,0.061,0.016666666666666607
NVCR,Stock,19.9,0.006321112515802696
NVDA,Stock,214.22,-0.005570513415653067
NVEC,Stock,76.8,0.0
NVEE,Stock,56.45,0.003555555555555534
NVFY,Stock,1.71,0.0
NVIV,Stock,0.5025,0.0
NVLN,Stock,3.29,-0.017910447761193993
NVMI,Stock,25.965,0.0
NVTR,Stock,13.1,-0.013554216867469826
NVUS,Stock,4.78,-0.051587301587301515
NWBI,Stock,16.33,0.0012262415695891704
NWFL,Stock,29.12,0.0
NWL,Stock,25.79,0.0007760962359333323
NWLI,Stock,305.11,0.0
NWPX,Stock,19.06,-0.0162580645161291
NWS,Stock,15.75,-0.006309148264984188
NWSA,Stock,15.52,-0.0006439150032195862
NXEO,Stock,10.88,0.00647548566142464
NXEOW,Stock,0.82,0.0
NXPI,Stock,113.74,-0.002368213314621559
NXST,Stock,65.225,0.00889404485692169
NXTD,Stock,1.89,-0.020725388601036343
NXTM,Stock,25.5,0.007905138339920903
NYMT,Stock,5.945,0.0016849199663018233
NYMTN,Stock,23.22,0.0004308487720809939
NYMX,Stock,4.035,-0.0037037037037036535
NYNY,Stock,20.7,0.03499999999999992
O,Stock,52.08,-0.004016064257028162
OASM,Stock,1.35,0.0
OBCI,Stock,3.65,0.0
OBLN,Stock,3.51,0.0
OBSV,Stock,12.88,0.0
OCFC,Stock,26.1,-0.0030557677616500634
OCLR,Stock,9.225,-0.00592672413793105
OCSI,Stock,7.975,0.0
OCSL,Stock,4.335,-0.008009153318077833
OCSLL,Stock,24.79,0.0
OCUL,Stock,6.11,-0.0032626427406198255
ODFL,Stock,140.83,-0.0008513657325290858
ODP,Stock,2.035,-0.004889975550122161
ODT,Stock,20.91,-0.032392410920869974
OESX,Stock,0.71,0.0
OFIX,Stock,57.825,0.004080569543323476
OFLX,Stock,64.51,-0.007538461538461494
OFS,Stock,11.155,0.0
OHGI,Stock,0.72,0.0
OI,Stock,21.005,0.0007146260123869208
OKE,Stock,56.71,0.0035391966023712307
OKTA,Stock,38.65,0.0061174020564882525
OLBK,Stock,32.46,-0.005819295558958548
OLED,Stock,98.3,-0.01106639839034218
OLLI,Stock,58.95,0.0008488964346351491
OMAB,Stock,39.79,-0.0013803488518007168
OMC,Stock,71.74,0.0011163829193412411
OMCL,Stock,44.0,0.003420752565564289
OMED,Stock,3.09,0.023178807947019875
OMER,Stock,13.6,-0.0320284697508898
OMEX,Stock,8.87,0.0
ON,Stock,23.42,-0.008257463476603721
ONB,Stock,16.575,0.006069802731411
ONCE,Stock,62.13,-0.0170859041290935
ONCS,Stock,2.06,0.009803921568627416
ONEQ,Stock,270.73,-0.007587976539589425
ONTX,Stock,0.84,0.0
ONVO,Stock,0.9765,0.02487405541561727
OPB,Stock,27.85,-0.01415929203539823
OPHC,Stock,4.94,0.0
OPHT,Stock,2.69,-0.009208103130755041
OPK,Stock,3.07,-0.014446227929374111
OPNT,Stock,20.26,-0.007349338559529572
OPOF,Stock,26.01,0.0
OPTN,Stock,19.265,-0.009511568123393266
OPTT,Stock,1.1,-0.03083700440528625
ORBC,Stock,8.845,0.005113636363636376
ORBK,Stock,60.79,-0.009692921723548076
ORCL,Stock,44.83,-0.0033348154735437507
ORGS,Stock,10.01,0.0
ORIG,Stock,25.0,-0.005964214711729587
ORIT,Stock,15.4,0.004893964110930016
ORLY,Stock,237.34,0.0002528658125422467
ORMP,Stock,7.08,0.0
ORRF,Stock,23.85,0.0
OSBC,Stock,13.85,0.0036231884057971175
OSIS,Stock,62.95,-0.007254376281343511
OSN,Stock,2.18,0.0
OSS,Stock,4.17,0.0
OSTK,Stock,35.85,-0.006925207756232732
OSUR,Stock,16.73,0.013939393939393918
OTEX,Stock,34.17,-0.0026269702276706663
OTIC,Stock,4.075,0.012422360248447228
OTIV,Stock,0.97,0.0
OTTR,Stock,43.45,-0.011376564277588153
OTTW,Stock,13.73,0.0
OVBC,Stock,42.95,0.0
OVID,Stock,8.01,-0.023170731707316983
OXFD,Stock,13.095,-0.009455370650529482
OXLC,Stock,10.37,0.006307617661329479
OXY,Stock,67.57,0.0028198278420896727
OZRK,Stock,46.85,0.0008545182653278971
PAAS,Stock,15.89,-0.007185254607934954
PACB,Stock,2.45,0.01871101871101888
PACW,Stock,47.73,0.002309953800923914
PAHC,Stock,41.475,0.012820512820512775
PANL,Stock,2.72,-0.02508960573476693
PATK,Stock,60.75,-0.019766034691407808
PAYX,Stock,60.69,-0.003120893561103899
PBCT,Stock,18.405,0.004914004914004844
PBI,Stock,10.76,0.0018621973929235924
PBIP,Stock,17.98,0.0
PBPB,Stock,12.225,-0.0060975609756098725
PBYI,Stock,62.85,-0.004750593824227933
PCAR,Stock,66.29,-0.0036073951600781307
PCG,Stock,43.98,-0.002494896801996105
PCH,Stock,52.65,0.002379819133745853
PCLN,Stock,1905.8,0.0
PCMI,Stock,8.3,0.01840490797546024
PCOM,Stock,10.24,0.0
PCRX,Stock,33.4,0.012888551933282644
PCSB,Stock,20.43,0.0
PCTI,Stock,6.89,0.0
PCTY,Stock,51.155,-0.0037974683544304
PCYG,Stock,9.0,0.0
PCYO,Stock,8.975,0.0
PDBC,Stock,17.505,-0.002564102564102666
PDCE,Stock,45.48,0.028261361067148938
PDCO,Stock,22.84,0.0035149384885764245
PDFS,Stock,11.17,-0.007111111111111068
PDLB,Stock,14.75,0.0
PDLI,Stock,3.025,-0.0032948929159802853
PDVW,Stock,30.0,0.0
PEBO,Stock,35.35,0.0
PEG,Stock,50.085,-0.002985965959988013
PEGA,Stock,61.1,-0.012525252525252495
PEGI,Stock,17.15,-0.007523148148148251
PEIX,Stock,2.975,-0.0325203252032521
PENN,Stock,26.28,0.0019062142584826969
PEP,Stock,109.34,-0.002463278897910759
PERY,Stock,27.11,0.0012927054478300004
PETQ,Stock,23.24,-0.030454735085523543
PETS,Stock,41.29,0.009042033235581615
PETX,Stock,4.92,0.0020366598778003286
PEY,Stock,16.99,-0.009906759906760043
PFBC,Stock,63.08,-0.009577641701994044
PFE,Stock,35.17,-0.0019863791146425003
PFF,Stock,37.21,0.0012108166285484945
PFG,Stock,59.68,-0.0005024284039524263
PFI,Stock,34.9,0.0
PFIE,Stock,2.73,0.007380073800737907
PFLT,Stock,13.22,-0.005267118133935211
PFM,Stock,25.33,0.0
PFMT,Stock,3.11,0.047138047138046923
PFPT,Stock,117.18,-0.0025111725899126247
PFSW,Stock,8.86,0.009111617312072884
PG,Stock,78.455,0.0014679601736022896
PGC,Stock,33.33,-0.003736362277686478
PGJ,Stock,44.99,0.0
PGLC,Stock,1.9,0.0
PGNX,Stock,7.105,0.004950495049504955
PGR,Stock,60.05,-0.002988543914992481
PH,Stock,167.51,0.0007766758274585506
PHIIK,Stock,10.36,0.021696252465483123
PHM,Stock,30.025,-0.0008319467554077642
PI,Stock,12.61,-0.02020202020202022
PICO,Stock,11.35,0.002207505518763808
PID,Stock,15.86,-0.002829298962590321
PIE,Stock,21.07,0.0
PINC,Stock,31.26,-0.00255264837268665
PIO,Stock,25.58,0.0
PIRS,Stock,6.345,-0.013219284603421477
PIXY,Stock,2.67,0.0
PIZ,Stock,27.68,-0.0014430014430013571
PKI,Stock,73.25,-0.0021795395722653543
PKOH,Stock,39.1,0.0
PLAB,Stock,8.075,0.0
PLAY,Stock,41.59,-0.011879306248515076
PLCE,Stock,132.9,0.002262443438914019
PLD,Stock,61.23,-0.003093454900683912
PLPC,Stock,64.43,0.0
PLSE,Stock,17.85,-0.00390625
PLUG,Stock,1.81,0.008356545961002881
PLUS,Stock,75.95,-0.015873015873015817
PLXS,Stock,58.35,-0.018833025054649344
PLYA,Stock,11.06,-0.008960573476702427
PM,Stock,100.99,-0.0033553735320240863
PMD,Stock,20.06,0.0
PMTS,Stock,2.555,-0.001953125
PNC,Stock,148.03,0.004478523444391591
PNFP,Stock,63.85,-0.0007824726134584292
PNK,Stock,30.45,0.001974333662388972
PNNT,Stock,6.82,-0.005830903790087438
PNQI,Stock,124.54,0.0
PNR,Stock,68.04,-0.002565418163160582
PNTR,Stock,13.85,0.0
PNW,Stock,79.77,-0.0030619258888958667
PODD,Stock,83.75,0.0022738152225945107
POOL,Stock,146.02,0.0013028869231297424
POWI,Stock,67.5,-0.004424778761061954
POWL,Stock,28.86,0.0
PPBI,Stock,40.225,0.0031172069825435855
PPC,Stock,23.71,0.00936568752660727
PPG,Stock,109.44,0.0005485463521668343
PPH,Stock,55.52,0.0007209805335257613
PPL,Stock,27.935,-0.0008941344778254923
PPSI,Stock,5.9,0.0
PRAA,Stock,37.6,0.0006653359946773296
PRAH,Stock,81.39,-0.0031843233312921493
PRCP,Stock,8.945,0.0
PRFT,Stock,22.86,-0.0039215686274509665
PRFZ,Stock,129.37,0.0
PRGO,Stock,81.98,0.0020779855763355393
PRGS,Stock,37.62,-0.003971405877680856
PRGX,Stock,9.7,0.007792207792207684
PRIM,Stock,25.94,0.0023183925811438577
PRKR,Stock,0.8,0.012145748987854255
PRMW,Stock,12.23,0.0
PRPL,Stock,8.19,0.023749999999999938
PRPO,Stock,0.44,0.0
PRQR,Stock,3.0,0.0
PRSC,Stock,71.69,-0.0004879749041477588
PRTA,Stock,39.54,-0.009022556390977376
PRTK,Stock,13.05,0.011627906976744207
PRTO,Stock,2.45,0.0
PRU,Stock,102.38,-0.0008783058456134363
PSA,Stock,199.23,-0.002753028331164309
PSCE,Stock,13.45,-0.02606806661839256
PSCH,Stock,110.62,-0.01557355165969565
PSDO,Stock,15.56,-0.0041599999999999415
PSEC,Stock,6.65,0.0022607385079127518
PSMT,Stock,88.225,-0.015345982142857095
PSTI,Stock,1.18,0.0
PSX,Stock,97.0,0.002998655774997472
PTC,Stock,76.91,-0.00710043893622514
PTCT,Stock,25.69,-0.00038910505836564635
PTEN,Stock,17.575,0.00831899024670113
PTGX,Stock,8.78,-0.0045351473922903285
PTH,Stock,71.63,0.0
PTI,Stock,4.685,-0.02192066805845516
PTIE,Stock,7.39,0.0
PTLA,Stock,30.99,0.00032278889606196515
PTX,Stock,2.52,0.003984063745019917
PUB,Stock,32.1,0.0
PULM,Stock,0.537,0.0
PVAC,Stock,34.785,-0.028351955307262533
PVBC,Stock,25.1,0.0
PVH,Stock,156.77,0.0010855683269477279
PWR,Stock,33.755,0.00881649731022116
PX,Stock,143.15,-0.0017433751743375359
PXD,Stock,168.17,0.011305550544229881
PXI,Stock,36.9,0.0
PXLW,Stock,3.65,0.0027472527472527375
PYDS,Stock,1.69,0.0
PYPL,Stock,73.88,-0.006054083142741917
PZZA,Stock,62.11,-0.003529600513396458
QABA,Stock,52.49,0.0
QADA,Stock,45.25,0.00221483942414169
QBAK,Stock,10.81,0.0
QCOM,Stock,53.15,-0.010242085661080202
QDEL,Stock,51.19,-0.005826374053214289
QIWI,Stock,18.51,-0.005640612409347101
QLYS,Stock,74.05,0.0
QNST,Stock,12.37,-0.0024193548387098085
QQEW,Stock,57.32,-0.005896635449184839
QQQ,ETF,156.63,-0.004765535646206631
QQQ,Stock,156.63,-0.0055238095238095974
QQQX,Stock,25.14,0.0
QRHC,Stock,1.93,0.0
QRTEA,Stock,24.92,-0.00835654596100266
QRVO,Stock,69.75,0.00043029259896720795
QSII,Stock,14.265,-0.0052301255230124966
QTEC,ETF,73.6,-0.01591121807728324
QTEC,Stock,73.6,-0.01591121807728324
QTNA,Stock,13.19,0.0
QTNT,Stock,4.16,-0.02117647058823524
QTRH,Stock,1.44,-0.010309278350515538
QTRX,Stock,16.06,-0.007416563658838138
QUIK,Stock,1.43,0.0
QURE,Stock,21.84,-0.007949125596184436
R,Stock,69.895,0.0035175879396982523
RADA,Stock,2.18,-0.00909090909090915
RAIL,Stock,13.575,-0.011289147851420323
RARE,Stock,48.515,-0.021874999999999978
RARX,Stock,5.48,0.007352941176470562
RAVN,Stock,35.275,-0.0007082152974503542
RBB,Stock,27.61,-0.008617594254937244
RBBN,Stock,5.035,-0.0009920634920634885
RBCAA,Stock,38.03,-0.006401045068582523
RCII,Stock,9.53,-0.0010482180293500676
RCKT,Stock,14.53,-0.008529512111907223
RCM,Stock,7.1,-0.006993006993007089
RCMT,Stock,5.63,0.0
RDCM,Stock,17.75,0.0
RDFN,Stock,22.03,0.006855575868373043
RDHL,Stock,5.16,0.005847953216374213
RDI,Stock,16.39,-0.006666666666666599
RDNT,Stock,14.375,0.005244755244755206
RDUS,Stock,36.325,0.005954029354749535
RDVY,Stock,29.58,0.0
RDWR,Stock,21.3,0.004243281471004279
RECN,Stock,15.575,0.001607717041800516
REDU,Stock,14.9,0.0
REFR,Stock,1.02,0.0
REGI,Stock,13.825,0.0018115942028984477
REGN,Stock,319.59,-0.00035970660452611103
REIS,Stock,20.875,0.0
RELL,Stock,8.07,0.0
RELV,Stock,5.35,0.0
REMX,ETF,26.65,-0.007078986587183311
REPH,Stock,10.18,-0.008763388510223957
RESN,Stock,3.915,0.00256081946222797
RETA,Stock,19.89,-0.007237334664337403
RETO,Stock,8.06,-0.01285976729944871
REXX,Stock,0.74,0.013698630136986356
RF,Stock,18.245,0.004127682993946058
RFAP,Stock,59.255,-0.008947984612811433
RFDI,Stock,63.4,0.0
RFEU,Stock,64.99,-0.005813064096680587
RGCO,Stock,24.11,0.0
RGEN,Stock,36.59,0.005772402418911415
RGLD,Stock,86.39,-0.0025401223877150603
RGLS,Stock,0.6989,0.0
RGNX,Stock,27.15,-0.021621621621621623
RHI,Stock,57.17,-0.006084840055632812
RHT,Stock,149.2,0.0005364806866952065
RIBT,Stock,1.64,0.0
RICK,Stock,28.03,0.011000901713255073
RIG,Stock,9.72,0.007253886010362809
RIGL,Stock,3.335,0.040561622464898583
RILY,Stock,19.175,0.0
RILYL,Stock,25.705,0.0
RING,Stock,17.795,-0.0005616399887671264
RIOT,Stock,6.71,-0.007396449704141994
RKDA,Stock,24.09,0.0
RL,Stock,111.765,-0.0035217546362339425
RMBS,Stock,13.445,-0.00037174721189581206
RMNI,Stock,8.1,0.0
RMR,Stock,74.05,0.007140428425705503
RMTI,Stock,5.26,-0.016822429906542036
RNET,Stock,12.8,0.0
RNST,Stock,43.66,-0.0054669703872437525
RNWK,Stock,2.81,-0.010563380281690127
ROBO,ETF,40.44,-0.0009881422924901129
ROBO,Stock,40.44,-0.0009881422924901129
ROCK,Stock,33.9,-0.002207505518763919
ROIC,Stock,17.315,-0.0071674311926605005
ROK,Stock,168.86,-0.002598936798582363
ROKU,Stock,31.395,0.01981484489199281
ROLL,Stock,121.485,0.014869888475836479
ROP,Stock,267.84,-0.0047192597822453
ROSE,Stock,6.38,0.0
ROST,Stock,77.47,-0.004305635884583325
RP,Stock,51.4,-0.012487992315081575
RPD,Stock,25.91,-0.006899195093905686
RPXC,Stock,10.88,-0.0009182736455463081
RRC,Stock,13.955,0.0032350826743350325
RRGB,Stock,58.7,-0.003395585738539819
RRR,Stock,28.96,0.004857737682165242
RSG,Stock,66.845,-0.0012699835649186975
RSLS,Stock,0.6525,-0.03604668340966166
RSYS,Stock,0.552,0.0
RTIX,Stock,4.675,-0.031088082901554515
RTN,Stock,215.87,0.0007417365907931295
RTRX,Stock,23.48,-0.004240882103477395
RTTR,Stock,2.48,0.0
RUN,Stock,8.515,0.002354326074161417
RUSHA,Stock,38.64,-0.0007757951900698723
RUTH,Stock,25.225,-0.007866273352998943
RVLT,Stock,3.265,-0.004573170731707266
RVNC,Stock,30.35,-0.0008230452674896638
RVSB,Stock,9.12,0.0
RXII,Stock,3.21,0.0
RYAAY,Stock,122.38,-0.0015501346169535246
RYTM,Stock,19.56,0.016632016632016633
SABR,Stock,20.245,-0.005159705159705208
SAEX,Stock,1.38,0.0
SAFM,Stock,113.55,0.0026490066225164366
SAGE,Stock,141.605,0.006933086823579515
SAIA,Stock,72.05,-0.017053206002728527
SALM,Stock,3.4,0.0
SANM,Stock,26.225,0.000954198473282597
SANW,Stock,3.475,0.0
SASR,Stock,38.68,-0.008586441112392706
SATS,Stock,53.82,0.006169377453729696
SBAC,Stock,169.72,-0.0017938538450228414
SBBP,Stock,7.6,-0.016181229773462813
SBBX,Stock,30.15,0.0
SBCF,Stock,26.51,0.005309063329541175
SBGI,Stock,29.9,0.0008368200836819106
SBLK,Stock,10.81,0.01217228464419473
SBNY,Stock,136.02,-0.0011749155529445776
SBPH,Stock,13.5,0.0
SBRA,Stock,17.71,-0.0022535211267604716
SBSI,Stock,34.235,-0.005952380952380931
SBT,Stock,13.29,0.002262443438914019
SBUX,Stock,58.36,-0.0015397775876818676
SCG,Stock,37.495,-0.009379128137384507
SCHL,Stock,38.1,-0.007812499999999889
SCHN,Stock,31.6,-0.00784929356357933
SCHW,Stock,50.095,-0.005262112787926987
SCON,Stock,1.02,0.0
SCPH,Stock,10.87,0.0
SCSC,Stock,33.55,-0.002971768202080227
SCVL,Stock,23.87,-0.0016729401923880616
SCWX,Stock,8.07,0.0
SCYX,Stock,1.275,-0.015444015444015413
SCZ,Stock,64.695,-0.0016203703703704386
SE,Stock,10.65,-0.0009380863039399889
SEAC,Stock,2.65,-0.02573529411764719
SECO,Stock,8.975,-0.021798365122615904
SEDG,Stock,54.375,0.011627906976744207
SEE,Stock,42.37,-0.0004718093890069275
SEIC,Stock,72.78,-0.003832466465918394
SEII,Stock,3.41,0.0
SELB,Stock,10.23,0.0
SENEA,Stock,28.6,0.0
SFBS,Stock,40.56,-0.010490363503293465
SFIX,Stock,21.85,0.0036747818098301632
SFLY,Stock,80.05,-0.00024978144123888324
SFM,Stock,23.82,0.0012610340479193294
SFNC,Stock,27.925,0.002692998204667729
SFST,Stock,44.1,0.0
SGEN,Stock,50.07,-0.009985170538803767
SGH,Stock,43.62,0.004606172270842812
SGMA,Stock,5.8,0.0
SGMO,Stock,16.975,0.024132730015083093
SGMS,Stock,41.65,-0.0023952095808383866
SGRP,Stock,1.49,0.0
SGRY,Stock,17.75,0.007092198581560183
SGYP,Stock,1.895,0.0053050397877985045
SHBI,Stock,18.25,0.0008225939128050364
SHEN,Stock,37.3,0.00947225981055455
SHIP,Stock,0.7147,-0.05337748344370863
SHLD,Stock,2.885,-0.0017301038062285112
SHLM,Stock,42.925,0.0023350846468184194
SHLO,Stock,9.41,0.0031982942430703876
SHOO,Stock,46.025,-0.0005428881650380024
SHOS,Stock,2.925,0.0
SHPG,Stock,156.69,0.005777007510109788
SHV,Stock,110.275,-4.5339136742761355e-05
SHW,Stock,385.375,-0.008286262046603876
SHY,Stock,83.475,0.00023965011083815213
SIEB,Stock,7.77,0.0
SIEN,Stock,9.285,-0.011182108626198173
SIFI,Stock,14.35,-0.003472222222222321
SIGI,Stock,59.45,-0.009166666666666656
SIGM,Stock,6.125,-0.0080971659919028
SILC,Stock,34.84,0.006645478185495657
SIMO,Stock,47.765,-0.007171066306381202
SINA,Stock,96.6,-0.003712871287128716
SIR,Stock,19.21,-0.00877192982456132
SIRI,Stock,6.255,-0.0015961691939345712
SITO,Stock,3.595,0.008415147265077305
SIVB,Stock,236.215,0.010415775515441927
SJM,Stock,123.98,0.0021015195602975822
SKYW,Stock,54.7,-0.0036429872495445936
SLAB,Stock,87.75,-0.015151515151515138
SLB,Stock,64.37,0.004996096799375627
SLCT,Stock,13.22,0.0
SLDB,Stock,9.485,0.0
SLG,Stock,94.57,-0.005468503522978341
SLGL,Stock,8.995,0.0
SLGN,Stock,27.56,0.0025463805020007335
SLM,Stock,11.385,0.007522123893805244
SLP,Stock,15.45,0.0
SLQD,Stock,49.72,0.0008051529790660261
SLRC,Stock,20.65,-0.004099348926935198
SLS,Stock,6.82,-0.06060606060606055
SMBC,Stock,36.19,0.0
SMBK,Stock,23.025,0.0
SMCI,Stock,16.55,0.004552352048558417
SMMF,Stock,25.105,0.0
SMMT,Stock,12.13,0.0
SMPL,Stock,13.33,-0.002245508982035904
SMRT,Stock,1.515,0.006644518272425293
SMTC,Stock,40.925,-0.0024375380865326868
SNA,Stock,145.92,0.0018881527000582654
SNBR,Stock,34.87,-0.009375000000000133
SNCR,Stock,10.6,-0.002822201317027373
SND,Stock,6.065,-0.0057377049180327155
SNDE,Stock,4.27,0.0
SNDX,Stock,10.83,-0.006422018348623881
SNH,Stock,15.79,-0.002211690363349117
SNHNI,Stock,24.62,0.0
SNHNL,Stock,25.46,-0.0007849293563578774
SNHY,Stock,50.535,0.0022808409361363413
SNI,Stock,90.29,0.0
SNLN,Stock,18.27,-0.000547045951860059
SNMX,Stock,1.01,0.029561671763506547
SNNA,Stock,19.445,-0.002308876346844402
SNOA,Stock,3.92,-0.020000000000000018
SNPS,Stock,81.42,-0.00622482607103636
SNSR,ETF,19.65,0.0
SNSR,Stock,19.65,0.0
SNSS,Stock,2.455,-0.03725490196078418
SO,Stock,44.775,-0.002561817776787767
SOCL,Stock,33.46,-0.008886255924170583
SODA,Stock,93.84,0.005787781350482302
SOHO,Stock,6.99,0.0014326647564468775
SOHU,Stock,33.73,-0.007357268981753928
SONC,Stock,26.225,-0.0011426394972385845
SORL,Stock,4.53,0.004434589800443645
SOXL,ETF,131.54,-0.0032583162840039703
SOXX,Stock,171.9,-0.003651538862806447
SP,Stock,35.3,-0.013966480446927387
SPAR,Stock,16.175,-0.0076687116564416735
SPCB,Stock,2.7,0.0
SPG,Stock,154.2,-0.0017802233371095877
SPHD,ETF,39.23,-0.010093363613424278
SPHS,Stock,2.03,-0.01456310679611661
SPI,Stock,0.445,0.0
SPIL,Stock,8.67,0.0
SPKE,Stock,11.65,0.004310344827586299
SPLK,Stock,97.46,-0.0030687397708675235
SPLS,Stock,10.25,0.0
SPNE,Stock,10.84,0.006499535747446661
SPNS,Stock,8.28,0.0
SPOK,Stock,15.525,-0.001607717041800627
SPPI,Stock,14.315,0.005266853932584192
SPRO,Stock,13.81,-0.020567375886524797
SPSC,Stock,64.46,0.006322691437046002
SPTN,Stock,18.04,0.007258514796203208
SPWH,Stock,5.03,0.03711340206185576
SPWR,Stock,8.09,0.005593536357986428
SPY,ETF,259.9,-0.0013064863203198218
SPYG,ETF,33.0,0.0006064281382656134
SQBG,Stock,1.89,-0.010471204188481686
SQQQ,Stock,19.365,0.013874345549738099
SRAX,Stock,4.83,0.0
SRCE,Stock,50.55,0.00039580447259046636
SRCL,Stock,58.12,-0.0013745704467355013
SRDX,Stock,37.725,0.0006631299734747298
SRE,Stock,111.16,-0.0029599067180913208
SREV,Stock,3.77,0.0026595744680850686
SRNE,Stock,5.675,-0.017316017316017396
SRPT,Stock,71.86,-0.0003477777004938787
SRRA,Stock,1.985,0.012755102040816313
SSB,Stock,84.4,0.0017804154302671904
SSC,Stock,3.095,-0.01118210862619795
SSLJ,Stock,5.26,0.0
SSNC,Stock,48.35,0.0025920165889061764
SSRM,Stock,9.655,-0.0015511892450880138
SSTI,Stock,31.63,0.007645747053201646
SSYS,Stock,19.48,0.007238883143743546
STAA,Stock,14.125,-0.012237762237762295
STAF,Stock,1.87,-0.005319148936170137
STB,Stock,7.48,0.0
STBA,Stock,40.87,0.0
STBZ,Stock,30.03,0.0
STCN,Stock,2.04,0.0
STFC,Stock,28.21,0.00966356478167496
STI,Stock,65.985,0.0025068368277121333
STKL,Stock,7.3,0.0034364261168384758
STLD,Stock,43.47,0.00023009664058903923
STML,Stock,15.1,-0.019480519480519543
STMP,Stock,206.6,-0.0007255139056832061
STRA,Stock,101.65,-0.008437789591766998
STRS,Stock,29.4,0.0
STT,Stock,97.54,0.0014373716632443134
STX,Stock,56.61,-0.0029940119760479833
STZ,Stock,227.18,-0.010798571801793888
SUNS,Stock,17.125,0.0
SUPN,Stock,44.15,0.013777267508610747
SVA,Stock,8.24,-0.00603136308805774
SVRA,Stock,8.65,-0.01480637813211838
SVVC,Stock,10.565,-0.017209302325581488
SVXY,ETF,11.33,0.003987594151528606
SWIR,Stock,16.225,-0.0015384615384614886
SWK,Stock,149.68,0.0006685385746756367
SWKS,Stock,95.54,-0.008200975812311717
SWN,Stock,4.265,0.010663507109004655
SYBT,Stock,35.5,0.008522727272727293
SYBX,Stock,9.685,0.018401682439537437
SYK,Stock,155.29,-0.0019602172306308896
SYKE,Stock,28.175,-0.005997530428646924
SYMC,Stock,25.99,0.0032812198417293548
SYNA,Stock,43.02,-0.004166666666666652
SYNC,Stock,1.475,-0.016666666666666607
SYNH,Stock,36.05,-0.010973936899863035
SYNT,Stock,25.08,-0.0015923566878981443
SYRS,Stock,12.44,0.003225806451612856
SYY,Stock,59.71,-0.0028390113560454733
T,Stock,35.635,-0.0022399552008961487
TA,Stock,3.45,-0.014285714285714235
TACO,Stock,10.68,-0.004659832246039164
TACT,Stock,13.0,0.027667984189723382
TANH,Stock,2.935,-0.003395585738539819
TANNI,Stock,24.21,0.001654944145635051
TANNL,Stock,24.68,0.0
TAP,Stock,73.19,-0.00020490403660955447
TAST,Stock,11.275,-0.013129102844638973
TAX,Stock,10.225,0.00738916256157629
TBBK,Stock,10.445,-0.0014340344168261021
TBK,Stock,39.3,-0.01132075471698124
TBNK,Stock,29.57,-0.001350894967916183
TBPH,Stock,23.21,-0.0038626609442059534
TCBI,Stock,90.725,0.0052631578947368585
TCBK,Stock,36.7,0.0
TCCO,Stock,5.2,0.0
TCFC,Stock,37.04,0.0
TCMD,Stock,31.95,0.005033029254482457
TCON,Stock,2.55,-0.04672897196261683
TCPC,Stock,14.2,0.0024708789269325404
TCRD,Stock,7.845,0.0031969309462915874
TCX,Stock,57.275,-0.012500000000000067
TDC,Stock,39.405,0.0011432926829268997
TDIV,Stock,35.49,0.0
TEAM,Stock,54.66,-0.007715349006081618
TECD,Stock,77.56,-0.0016090622385274145
TECH,Stock,145.28,-0.008056807319404613
TECL,ETF,107.28,-0.04589114194236921
TECS,ETF,31.2,0.03688933200398803
TEDU,Stock,11.0,-0.0022675736961451642
TEL,Stock,95.93,-0.0014572707400851703
TELL,Stock,7.855,0.0006369426751593465
TENX,Stock,7.74,0.0
TERP,Stock,11.23,0.00044543429844101645
TESS,Stock,21.6,0.0
TFSL,Stock,14.85,-0.0053583389149364224
TGA,Stock,1.275,0.0
TGEN,Stock,2.83,0.0
TGLS,Stock,9.0,0.0
TGNA,Stock,10.955,0.000913659205116435
TGT,Stock,72.33,0.004025541365907825
TGTX,Stock,12.975,-0.009541984732824416
THC,Stock,23.725,0.0019003378378379399
THFF,Stock,42.825,-0.012680115273775105
THRM,Stock,35.075,-0.002133712660028375
TICC,Stock,6.155,0.0
TIF,Stock,95.605,-0.0071139266798213585
TILE,Stock,25.2,0.001988071570576677
TIPT,Stock,6.25,0.008064516129032251
TITN,Stock,20.99,-0.0223567768979972
TIVO,Stock,13.975,-0.0017857142857142794
TLGT,Stock,2.98,-0.019736842105263164
TLND,Stock,46.74,-0.0006414368184733954
TLT,Stock,121.055,0.002069450767766323
TMK,Stock,83.03,0.0004819857814195583
TMO,Stock,205.585,-0.00017021690497032171
TMUS,Stock,59.66,0.001678979180657958
TNAV,Stock,5.125,-0.023809523809523836
TNDM,Stock,5.75,0.0017421602787455193
TNTR,Stock,2.12,-0.05986696230598665
TNXP,Stock,2.9,-0.013605442176870763
TOCA,Stock,10.9,-0.02198295199641087
TOPS,Stock,1.7,-0.008746355685131268
TORC,Stock,8.48,-0.021914648212225996
TOUR,Stock,6.195,-0.005617977528089901
TOWN,Stock,28.4,-0.008726003490401424
TPIC,Stock,22.53,0.003116651825467498
TPIV,Stock,3.32,0.0
TQQQ,ETF,134.73,0.0017100371747211796
TQQQ,Stock,134.73,0.0017100371747211796
TRCH,Stock,1.27,0.0
TREE,Stock,322.8,0.0213573801613669
TRHC,Stock,39.09,-0.01025446259020113
TRIP,Stock,40.16,-0.004215224398710693
TRMB,Stock,34.35,-0.006938421509106729
TRMK,Stock,30.49,0.000984898227183173
TRMT,Stock,12.78,0.0
TRNC,Stock,15.96,-0.01115241635687736
TROW,Stock,104.44,0.0011982936298711167
TRPX,Stock,5.2,0.031746031746031855
TRS,Stock,27.875,-0.008888888888888835
TRST,Stock,8.475,0.0
TRUE,Stock,9.29,-0.002148227712137629
TRUP,Stock,27.03,0.011223344556677839
TRV,Stock,137.25,-0.0017455814968362349
TRVG,Stock,6.58,0.024922118380062308
TRVN,Stock,1.64,0.02499999999999991
TSBK,Stock,29.8,0.0
TSC,Stock,23.25,0.00540540540540535
TSCO,Stock,59.69,0.0008383635144197932
TSEM,Stock,26.59,0.0007527286413246959
TSG,Stock,26.45,-0.012138188608776801
TSLA,Stock,299.59,0.0006680249841344299
TSN,Stock,70.15,0.0007132667617690824
TSRO,Stock,54.79,0.015569972196478155
TSS,Stock,84.0,-0.0013078111996195352
TST,Stock,1.84,0.016574585635359185
TTD,Stock,47.66,-0.006462372316030862
TTEC,Stock,30.15,-0.008223684210526327
TTEK,Stock,49.2,-0.004048582995951344
TTGT,Stock,19.67,-0.020905923344947674
TTMI,Stock,14.9,-0.002009377093101117
TTOO,Stock,6.53,0.007716049382715973
TTPH,Stock,3.075,-0.0016233766233766378
TTS,Stock,5.875,0.012931034482758674
TTWO,Stock,94.66,-0.0018453102757420847
TUES,Stock,3.975,0.0
TUR,Stock,40.93,-0.004136253041362559
TUSK,Stock,33.515,0.01101055806938156
TVIX,ETF,10.345,0.0014520813165537216
TVIX,Stock,10.345,0.003394762366634385
TVTY,Stock,39.5,0.006369426751592355
TWNK,Stock,14.49,0.009756097560975618
TWNKW,Stock,2.37,0.0
TWOU,Stock,82.3,-0.00242424242424244
TWX,Stock,95.53,-0.0012545739675902112
TXMD,Stock,5.08,0.0
TXN,Stock,99.5,-0.0077782209812524705
TXRH,Stock,60.72,-0.009300048947626038
TXT,Stock,57.875,-0.003186358939028633
TYME,Stock,2.1,-0.03669724770642202
TYPE,Stock,22.375,0.002239641657334923
TZOO,Stock,6.8,0.0
UA,Stock,14.745,-0.001016260162601701
UAE,Stock,16.21,-0.008562691131498545
UBCP,Stock,12.6,0.0
UBFO,Stock,10.9,-0.013574660633484226
UBIO,Stock,26.53,-0.017407407407407316
UBNK,Stock,16.34,-0.0018326206475259843
UBNT,Stock,70.63,0.008855877731752448
UBSH,Stock,36.06,-0.007158590308369961
UBSI,Stock,34.275,-0.0021834061135371785
UCBI,Stock,31.22,0.0038585209003214604
UCFC,Stock,9.785,-0.012613521695257313
UCTT,Stock,17.99,-0.00662617338487026
UEIC,Stock,50.925,0.00592592592592589
UEPS,Stock,9.38,0.004282655246252709
UFCS,Stock,47.71,0.0
UFPI,Stock,32.8,-0.0036452004860269005
UFPT,Stock,31.05,0.0
UGAZ,ETF,55.59,-0.007498660953401126
UGLD,Stock,11.555,0.0030381944444444198
UHAL,Stock,346.545,0.0064620120817844295
UHS,Stock,118.52,0.00202908353060538
UIHC,Stock,17.86,0.0028074115665357446
ULBI,Stock,10.175,0.0
ULH,Stock,20.7,0.0
ULTA,Stock,208.3,0.008570183508449292
ULTI,Stock,239.475,-0.004675810473815489
UMBF,Stock,72.43,0.008774373259053059
UMPQ,Stock,21.375,0.0042283298097252064
UNFI,Stock,43.555,0.0010342450011491255
UNH,Stock,224.07,0.003425807751729737
UNIT,Stock,16.245,-0.0009225092250922939
UNM,Stock,46.59,-0.00299593408944987
UNP,Stock,130.36,0.00038370040672242034
UNTY,Stock,21.5,0.0
UONEK,Stock,2.0,0.0
UPL,Stock,3.485,0.00868306801736618
UPLD,Stock,28.21,0.0
UPRO,ETF,124.9,-0.0035899481451934223
UPS,Stock,105.325,0.0008076776890917348
URBN,Stock,38.545,0.014208656755690052
URGN,Stock,58.85,-0.0024578354097803956
URI,Stock,172.16,-0.004855491329479822
USAK,Stock,26.64,0.007373794668179334
USAP,Stock,29.615,0.015255399382927637
USAT,Stock,8.45,-0.008797653958944385
USAU,Stock,1.41,0.0
USCR,Stock,59.0,-0.009235936188077165
USLB,Stock,30.29,0.0
USLM,Stock,71.49,0.0
USLV,Stock,9.92,0.002526528549772644
USMC,Stock,25.09,0.0007977662544873532
UTHR,Stock,110.35,-0.0018091361374943382
UTMD,Stock,97.9,0.0
UTSI,Stock,4.78,-0.004166666666666541
UTX,Stock,122.71,-0.0024388261116983223
UVSP,Stock,27.775,-0.005371530886302711
UVXY,ETF,19.77,-0.006033182503770829
UWT,ETF,26.25,-0.0007613247049866878
V,Stock,117.7,-0.003302565839613858
VAR,Stock,117.62,-0.0022902705912291044
VBIV,Stock,3.34,-0.005952380952380931
VBLT,Stock,2.075,0.0
VBTX,Stock,27.43,-0.0016378525932666532
VC,Stock,112.28,0.0016950664644481694
VCEL,Stock,11.175,-0.01541850220264307
VCIT,Stock,84.595,0.0002956131015727781
VCLT,Stock,90.92,0.0009357626465569258
VCSH,Stock,78.355,-0.0001276079882599479
VCTR,Stock,10.93,-0.01531531531531527
VCYT,Stock,5.74,0.0
VDSI,Stock,12.75,0.0
VDTH,Stock,8.34,0.045112781954887105
VECO,Stock,16.125,-0.0030911901081916993
VEON,Stock,2.675,-0.011090573012939142
VERI,Stock,16.7,0.0
VERU,Stock,1.79,-0.005555555555555536
VFC,Stock,76.29,0.0006558237145857237
VGIT,Stock,62.85,0.00023872045834338884
VGSH,Stock,59.99,0.00016672224074709696
VGT,ETF,167.49,-0.0014011029959755117
VIA,Stock,35.5,-0.009762900976290179
VIAB,Stock,30.91,0.0009715025906735786
VIAV,Stock,9.66,0.004158004158004269
VICL,Stock,1.485,0.024137931034482918
VICR,Stock,27.75,0.005434782608695565
VIGI,Stock,64.56,-0.005928093001770551
VIRC,Stock,4.1,0.0
VIRT,Stock,35.7,-0.0055710306406684396
VIVE,Stock,3.2,-0.006211180124223614
VIVO,Stock,13.75,-0.012567324955116699
VKTX,Stock,4.43,0.006818181818181612
VLGEA,Stock,27.0,0.0
VLO,Stock,95.19,0.006662436548223294
VMBS,Stock,51.55,0.0003881234232485653
VMC,Stock,113.55,0.0006609385327165374
VNDA,Stock,16.325,0.0
VNET,Stock,6.29,-0.007886435331230235
VNO,Stock,66.72,-0.0035842293906809264
VNOM,Stock,25.19,-0.01678376268540205
VNQI,Stock,60.61,-0.0005771291944925983
VOD,Stock,28.825,-0.003973738769868729
VOO,ETF,238.7,-0.000544320227777173
VOOG,ETF,136.55,0.0
VOXX,Stock,4.775,-0.02051282051282044
VRA,Stock,10.9,0.0092592592592593
VRAY,Stock,6.35,-0.0031397174254317317
VREX,Stock,35.895,-0.004299583911234195
VRIG,Stock,25.15,0.0
VRML,Stock,1.19,0.008474576271186418
VRNA,Stock,19.575,0.04623196151790476
VRNS,Stock,60.475,-0.009418509418509302
VRNT,Stock,39.3,-0.006321112515802807
VRSK,Stock,104.18,0.0031776600866635363
VRSN,Stock,117.74,-0.0013570822731129306
VRTS,Stock,124.0,-0.008792965627497984
VRTU,Stock,43.83,0.005621199954112699
VRTX,Stock,154.31,-0.0027466313374480134
VSAR,Stock,1.575,-0.01562500000000011
VSAT,Stock,63.23,0.013626162231484384
VSEC,Stock,49.1,0.004706363822386095
VSTM,Stock,2.96,0.0
VT,ETF,72.73,-0.0001374759417100968
VTC,Stock,82.6,0.0
VTGN,Stock,1.0,0.0
VTI,ETF,133.92,-0.0008207117809446718
VTIP,Stock,48.91,0.0
VTL,Stock,6.025,-0.01632653061224487
VTNR,Stock,1.17,-0.12030075187969935
VTR,Stock,50.405,-0.003952178638474413
VTVT,Stock,3.41,-0.0657534246575342
VTWO,Stock,122.4,0.0
VUZI,Stock,5.425,0.004629629629629539
VVUS,Stock,0.3792,0.025419145484045336
VWOB,Stock,78.135,0.0
VXUS,Stock,56.07,-0.0006238303181533844
VYGR,Stock,17.47,0.0011461318051575464
VYMI,Stock,65.87,-0.007383966244725704
VZ,Stock,47.49,-0.003984899328859037
WABC,Stock,56.39,-0.0021235179614227384
WAFD,Stock,33.85,0.0
WASH,Stock,54.4,-0.013599274705349051
WAT,Stock,195.01,-0.007734188164656874
WATT,Stock,15.92,0.026434558349452075
WB,Stock,113.63,0.003798586572438145
WBA,Stock,63.38,-0.004711055276381826
WDAY,Stock,122.61,-0.0026842362127866837
WDC,Stock,87.76,-0.0036896179826302333
WDFC,Stock,128.35,0.007456828885400224
WEB,Stock,18.025,-0.0027662517289073207
WEC,Stock,63.045,-0.002136752136752129
WEN,Stock,17.02,-0.004678362573099504
WERN,Stock,35.525,0.017908309455587412
WETF,Stock,8.805,0.0034188034188034067
WFC,Stock,52.245,0.0013416387158600163
WHLR,Stock,3.35,-0.026162790697674354
WHR,Stock,148.675,0.0042893812483113525
WIFI,Stock,25.14,-0.0009934432743889943
WIN,Stock,1.495,0.006734006734006703
WING,Stock,47.76,-0.0008368200836820217
WIRE,Stock,55.1,0.0
WIX,Stock,82.0,0.0
WKHS,Stock,2.62,-0.0038022813688212143
WLB,Stock,0.3205,0.02856225930680356
WLDN,Stock,30.05,0.0003328894806924332
WLFC,Stock,32.53,0.0
WLTW,Stock,146.215,-0.0007176052487697371
WM,Stock,84.22,-0.0016595542911332917
WMB,Stock,24.37,0.008274720728175478
WMGI,Stock,19.635,-0.0063259109311740724
WMIH,Stock,1.375,-0.014336917562724039
WMT,Stock,86.7,-0.0012671351226817285
WNEB,Stock,10.65,-0.022935779816513735
WOOD,Stock,79.95,0.0
WPRT,Stock,2.28,-0.017241379310344862
WRLD,Stock,104.93,-0.011818995149974088
WSBC,Stock,42.24,-0.004946996466431153
WSBF,Stock,17.4,0.005780346820809079
WSC,Stock,13.475,-0.003696857670979714
WSFS,Stock,47.95,-0.009808982963345314
WSTL,Stock,3.24,-0.0015408320493065508
WTBA,Stock,25.65,-0.0019455252918287869
WTFC,Stock,85.95,0.007029876977153071
WU,Stock,18.67,0.008099352051835984
WVE,Stock,40.0,0.0
WVVI,Stock,7.91,0.0
WWD,Stock,71.01,-0.012515644555694538
WWR,Stock,0.54,0.0
WY,Stock,35.485,-0.000563300943529188
WYN,Stock,110.32,-0.005498963310195726
WYNN,Stock,178.52,0.004416687765493643
XBIT,Stock,5.03,0.0
XCRA,Stock,11.79,0.0025510204081631294
XEC,Stock,90.345,-0.0022639425731639795
XEL,Stock,45.475,-0.0020847048496818177
XELA,Stock,5.725,0.0
XENE,Stock,4.9,-0.02970297029702962
XENT,Stock,36.625,0.002737850787132068
XGTI,Stock,0.98,-0.010101010101010055
XL,Stock,55.365,-9.030160736855919e-05
XLK,ETF,64.04,-0.0041984139325143
XLNX,Stock,66.32,-0.011771718074802706
XLRN,Stock,36.49,-0.001914660831509818
XNCR,Stock,28.42,-0.005598320503848675
XNET,Stock,11.01,0.005479452054794498
XOG,Stock,10.735,0.02335557673975197
XOM,Stock,74.87,-0.001067378252168072
XOMA,Stock,20.87,-0.020647583294228
XONE,Stock,6.96,-0.000717875089734421
XPER,Stock,21.825,-0.007954545454545436
XPLR,Stock,3.21,0.0
XRAY,Stock,49.02,-0.0004078303425774088
XRX,Stock,28.0,-0.0014265335235377208
XT,Stock,35.88,0.0
XYL,Stock,75.44,0.0029247540547725492
YDIV,Stock,18.06,0.0
YIN,Stock,9.125,0.0
YNDX,Stock,39.36,-0.005809547865622711
YOGA,Stock,2.19,0.0
YORW,Stock,31.8,0.0
YRCW,Stock,8.385,0.0126811594202898
YTEN,Stock,1.77,0.0
YTRA,Stock,6.89,-0.007919366450684029
YUM,Stock,84.46,-0.0021266540642722598
YY,Stock,98.08,-0.011439802449226488
Z,Stock,52.71,0.003808798324128837
ZAGG,Stock,12.05,0.02771855010660995
ZBH,Stock,105.19,9.507510933626229e-05
ZBIO,Stock,12.04,0.0
ZBRA,Stock,135.42,-0.0035320088300222485
ZEAL,Stock,15.025,0.0
ZEUS,Stock,20.72,-0.0081378650071805
ZFGN,Stock,7.2,0.0
ZG,Stock,52.66,0.0025702046644455745
ZGNX,Stock,36.525,-0.0006839945280436854
ZION,Stock,51.44,0.0027290448343080254
ZIOP,Stock,4.33,-0.012542759407069504
ZIV,Stock,62.01,0.0
ZIXI,Stock,4.475,-0.005555555555555647
ZLAB,Stock,21.46,-0.001628285647825134
ZN,Stock,4.42,0.02314814814814814
ZNGA,Stock,3.435,0.0
ZS,Stock,28.255,-0.03003776175763817
ZSAN,Stock,4.75,0.03148751357220414
ZTS,Stock,80.99,0.005462445685909367
ZUMZ,Stock,24.9,-0.002004008016032066
ZVZZT,Stock,10.185,-0.0004906771344453942
ZYNE,Stock,8.81,-0.020022246941045596
